Artist	Venue/Event	Date	Time	Tracking
Mohini dey	Birchmere	Aug 02, 2026	7:30 PM	12
Lord Huron	The Anthem	Aug 02, 2026	8:00 PM	312
Lake Street Dive	Pier Six Pavilion	Aug 04, 2026	7:00 PM	186
The DIP	Pier Six Pavilion	Aug 04, 2026	8:00 PM	43
The Cold Stares	Rams Head On Stage	Aug 05, 2026	8:00 PM	7
Eli Young Band	The Bullpen	Aug 06, 2026	6:00 PM	29
houndmouth	The Anthem	Aug 07, 2026	7:00 PM	61
Joe Bonamassa	Pier Six Pavilion	Aug 08, 2026	7:00 PM	74
Gov't Mule	Pier Six Pavilion	Aug 08, 2026	7:00 PM	85
KALEO	The Anthem	Aug 08, 2026	8:00 PM	255
SABINE McCALLA	Music School At Jammin Java	Aug 08, 2026	8:00 PM	0
Matt Schofield Official	Rams Head On Stage	Aug 11, 2026	8:00 PM	2
Olivia Dean	CFG Bank Arena	Aug 12, 2026	8:00 PM	656
Southern Avenue	Rams Head On Stage	Aug 12, 2026	8:00 PM	13
Thomas Rhett	Merriweather Post Pavilion	Aug 13, 2026	5:00 PM	101
The Seldom Scene	Nottoway Nights	Aug 13, 2026	7:00 PM	7
Dangermuffin	The Hamilton Live	Aug 13, 2026	8:00 PM	10
Kesha	Jiffy Lube Live	Aug 14, 2026	7:00 PM	135
Old Crow Medicine Show	Zac Brown Band: Love and Fear Tour	Aug 15, 2026	7:00 PM	44
Zac Brown Band	Merriweather Post Pavilion	Aug 15, 2026	7:00 PM	147
Oh He Dead	9:30 Club	Aug 15, 2026	8:00 PM	21
Foo Fighters	Nationals Park	Aug 17, 2026	7:00 PM	1945
The Record Company	Rams Head On Stage	Aug 17, 2026	7:00 PM	32
Queens of the Stone Age	Nationals Park	Aug 17, 2026	7:00 PM	349
Modest Mouse	Nationals Park	Aug 18, 2026	7:00 PM	568
River Shook	Songbyrd Music House	Aug 18, 2026	7:00 PM	16
Pitbull	Jiffy Lube Live	Aug 19, 2026	8:00 PM	256
Luke Bryan	Double Down tour	Aug 20, 2026	7:00 PM	102
Jason Isbell	Wolf Trap	Aug 20, 2026	7:00 PM	123
Jason Aldean	Double Down	Aug 20, 2026	7:00 PM	152
Patty Griffin	Patty & Jason Isbell	Aug 20, 2026	8:00 PM	2
Dan Tyminski	Lincoln Theatre	Aug 20, 2026	8:00 PM	25
Robert Earl Keen	Birchmere	Aug 21, 2026	7:30 PM	17
Jon Batiste	Filene Center at Wolf Trap	Aug 21, 2026	8:00 PM	300
Whitney Mongé	Concerts at The Sevareid House	Aug 22, 2026	6:30 PM	1
Robert Earl Keen	Birchmere	Aug 22, 2026	7:30 PM	16
Carbon Leaf	The Hamilton Live	Aug 22, 2026	8:00 PM	23
Will Wood and the Tapeworms	The Fillmore Silver Spring	Aug 23, 2026	7:00 PM	16
Will Wood	The Fillmore Silver Spring	Aug 23, 2026	7:00 PM	180
Robert Earl Keen	Birchmere	Aug 23, 2026	7:30 PM	9
Ghalia Volt	Rams Head On Stage	Aug 25, 2026	8:00 PM	2
Gregory Alan Isakov	Gregory Alan Isakov with the National Symphony Orchestra	Aug 26, 2026	8:00 PM	108
Susan Tedeschi	Filene Center at Wolf Trap	Aug 28, 2026	7:00 PM	9
Tedeschi Trucks Band	Wolf Trap	Aug 28, 2026	7:00 PM	168
Derek Trucks	Filene Center at Wolf Trap	Aug 28, 2026	7:00 PM	10
Ariel Posen	The Hamilton Live	Aug 28, 2026	7:00 PM	8
Reverend Horton Heat	Music City Maryland Festival	Aug 29, 2026	7:00 PM	37
Tedeschi Trucks Band	Wolf Trap	Aug 29, 2026	7:00 PM	99
Derek Trucks	Filene Center at Wolf Trap	Aug 29, 2026	7:00 PM	2
Arlo Parks	Howard Theatre	Aug 29, 2026	7:00 PM	85
Susan Tedeschi	Filene Center at Wolf Trap	Aug 29, 2026	7:00 PM	4
The Wailin' Jennys	Birchmere	Sep 02, 2026	7:30 PM	56
Big D and the Kids Table	Songbyrd Music House	Sep 03, 2026	7:00 PM	17
The Wailin' Jennys	Birchmere	Sep 03, 2026	7:30 PM	28
Social Distortion	Social Distortion - Born To Kill World Tour	Sep 04, 2026	6:00 PM	659
Jerry Garcia Symphonic Celebration	Jerry Garcia Symphonic Celebration with the National Symphony Orchestra	Sep 04, 2026	7:00 PM	27
The Wailin' Jennys	Birchmere	Sep 04, 2026	7:30 PM	37
Kacey Musgraves	CFG Bank Arena	Sep 05, 2026	7:00 PM	114
Blackberry Smoke	Capital One Hall	Sep 05, 2026	7:30 PM	21
Margo Price	Birchmere	Sep 09, 2026	7:00 PM	17
GoldFord	Pier Six Pavilion	Sep 09, 2026	8:00 PM	8
George Thorogood & The Destroyers	Motto Mortgage Preferred and RE/Max One Waterside Pavilion	Sep 11, 2026	7:00 PM	17
ZZ Top	Motto Mortgage Preferred and RE/Max One Waterside Pavilion	Sep 11, 2026	7:00 PM	39
Megadeth	Jiffy Lube Live	Sep 11, 2026	7:15 PM	227
Iron Maiden	Jiffy Lube Live	Sep 11, 2026	7:15 PM	495
Young the Giant	Annapolis Songwriters Festival 2026	Sep 12, 2026	6:00 PM	14
Sara Bareilles	The Good Grief Tour	Sep 12, 2026	7:00 PM	64
Maggie Rose	Rams Head On Stage	Sep 12, 2026	8:00 PM	13
Streetlight Manifesto	The Fillmore Silver Spring	Sep 12, 2026	8:00 PM	82
Big Sandy & His Fly-Rite Boys	Hank Dietle's Tavern	Sep 12, 2026	9:00 PM	5
Big Sandy & His Fly-Rite Boys	Hank Dietle's Tavern	Sep 13, 2026	6:00 PM	1
Sara Bareilles	The Good Grief Tour	Sep 13, 2026	7:00 PM	20
Ray LaMontagne	Filene Center at Wolf Trap	Sep 13, 2026	7:00 PM	179
Valerie June	Live Arts Maryland	Sep 13, 2026	8:00 PM	4
Victor Wooten	The Wooten Brothers - The Hamilton Live	Sep 13, 2026	8:00 PM	19
Robert Cray	Birchmere	Sep 15, 2026	7:30 PM	15
The Suicide Machines	Baltimore Soundstage	Sep 16, 2026	6:00 PM	31
Bouncing Souls	Baltimore Soundstage	Sep 16, 2026	6:00 PM	74
Apes of the State	Black Cat	Sep 16, 2026	7:30 PM	31
Dominique Fils-Aimé	Bethesda Theater	Sep 16, 2026	8:30 PM	8
Jungle	The Anthem	Sep 17, 2026	7:00 PM	266
Jake Blount	Pie Shop	Sep 17, 2026	7:30 PM	0
Pat Metheny	The Music Center at Strathmore	Sep 17, 2026	8:00 PM	74
Daughtry	The Great Frederick Fair	Sep 18, 2026	7:00 PM	99
The Avett Brothers	Filene Center at Wolf Trap	Sep 18, 2026	7:30 PM	61
Secret Sisters	Birchmere	Sep 18, 2026	7:30 PM	15
Jake Blount	Creative Alliance	Sep 18, 2026	7:30 PM	0
Mt. Joy	Merriweather Post Pavilion	Sep 18, 2026	8:00 PM	221
The Roots	The Theater at MGM National Harbor	Sep 18, 2026	8:00 PM	150
Jungle	The Anthem	Sep 18, 2026	8:00 PM	56
Sister Sadie	Annapolis Baygrass Festival 2026	Sep 19, 2026	12:00 PM	0
Big Daddy Love	BDL plays Mo-Grass	Sep 19, 2026	4:00 PM	1
Little Feat	Annapolis Baygrass Festival 2026	Sep 19, 2026	7:00 PM	111
The Avett Brothers	Filene Center at Wolf Trap	Sep 19, 2026	7:30 PM	31
Cyril Neville	The Hamilton Live	Sep 19, 2026	8:00 PM	3
Scythian	Annapolis Baygrass Music Festival	Sep 20, 2026	12:00 PM	3
Erykah Badu	Filene Center at Wolf Trap	Sep 20, 2026	7:30 PM	164
Cyril Neville	Rams Head On Stage	Sep 20, 2026	8:00 PM	2
Sierra Hull	Birchmere	Sep 21, 2026	7:00 PM	18
The Milk Carton Kids	9:30 Club	Sep 21, 2026	8:00 PM	19
Mon Rovîa	The Fillmore Silver Spring	Sep 21, 2026	8:00 PM	19
Pokey LaFarge	The Atlantis	Sep 23, 2026	7:00 PM	20
Robin Trower	Birchmere	Sep 24, 2026	7:30 PM	69
Joey Landreth	The Bros. Landreth @ Jammin' Java	Sep 26, 2026	7:00 PM	1
The Bros. Landreth	Music School At Jammin Java	Sep 26, 2026	7:00 PM	11
Rainbow Kitten Surprise	All Things Go Festival	Sep 26, 2026	7:00 PM	46
Brandi Carlile	All Things Go 2026	Sep 27, 2026	3:35 PM	43
Father John Misty	All Things Go 2026	Sep 27, 2026	6:00 PM	15
Jacob Collier	The Music Center at Strathmore	Sep 28, 2026	7:00 PM	165
Charli xcx	Capital One Arena	Sep 28, 2026	8:00 PM	458
Phoebe Bridgers	Capital One Arena	Sep 29, 2026	7:30 PM	152
Lucinda Williams	Lincoln Theatre	Sep 29, 2026	8:00 PM	10
Lucinda Williams	9:30 Club	Sep 30, 2026	7:00 PM	20
Soccer Mommy	The Fillmore Silver Spring	Oct 01, 2026	7:00 PM	26
The Shins	Capital One Arena	Oct 02, 2026	6:00 PM	132
Margo Price	Rams Head On Stage	Oct 02, 2026	7:00 PM	3
Weezer	Capital One Arena	Oct 02, 2026	7:00 PM	323
Chris Stapleton	Jiffy Lube Live	Oct 02, 2026	7:30 PM	368
Dropkick Murphys	Power To The People	Oct 03, 2026	12:00 PM	142
Brittany Howard	Power To The People 2026	Oct 03, 2026	12:00 PM	18
Foo Fighters	Power To The People	Oct 03, 2026	2:00 PM	300
Olivia Rodrigo	Capital One Arena	Oct 03, 2026	7:00 PM	590
The Seldom Scene	The Leila Gordon Theatre	Oct 03, 2026	8:00 PM	5
The California Honeydrops	9:30 Club	Oct 03, 2026	10:30 PM	24
Olivia Rodrigo	Capital One Arena	Oct 04, 2026	7:00 PM	225
Sylvan Esso	9:30 Club	Oct 05, 2026	7:00 PM	49
John Hiatt	Birchmere	Oct 06, 2026	7:00 PM	27
The Chicks	The Anthem	Oct 06, 2026	7:00 PM	1201
Sylvan Esso	9:30 Club	Oct 06, 2026	8:00 PM	23
John Hiatt	Birchmere	Oct 07, 2026	7:00 PM	17
Foster the People	The Anthem	Oct 07, 2026	7:00 PM	151
Polyphia	Echostage	Oct 08, 2026	7:00 PM	35
George Porter Jr.	Chris Jacobs & Friends	Oct 08, 2026	7:00 PM	3
North Mississippi Allstars	Rams Head On Stage	Oct 08, 2026	8:00 PM	14
Modest Mouse	Pier Six Pavilion	Oct 09, 2026	7:00 PM	215
North Mississippi Allstars	The Hamilton Live	Oct 09, 2026	8:00 PM	18
Beabadoobee	Merriweather Post Pavilion	Oct 10, 2026	8:00 PM	87
The Seldom Scene	Sunset in the Field	Oct 11, 2026	3:30 PM	6
Two Door Cinema Club	The Anthem	Oct 11, 2026	6:00 PM	342
Shawn James	Union Stage	Oct 11, 2026	7:00 PM	23
Aoife O'Donovan	Birchmere	Oct 12, 2026	8:00 PM	6
Teddy Swims	Capital One Arena	Oct 13, 2026	7:00 PM	208
St. Paul and the Broken Bones	Capital One Arena	Oct 13, 2026	7:00 PM	27
Benjamin Tod	Howard Theatre	Oct 16, 2026	7:00 PM	32
Plini	Baltimore Soundstage	Oct 16, 2026	7:00 PM	32
Sierra Hull	Gordon Center For Performing Arts	Oct 17, 2026	7:00 PM	23
The Tallest Man on Earth	Lincoln Theatre	Oct 17, 2026	7:00 PM	35
Scythian	Hylton Performing Arts Center - Merchant Hall	Oct 18, 2026	7:00 PM	2
Gillian Welch	Gillian Welch & David Rawlings Play Grateful Dead Acoustic Reckoning	Oct 18, 2026	7:00 PM	7
Gillian Welch	Gillian Welch & David Rawlings Play Grateful Dead Acoustic Reckoning	Oct 19, 2026	7:00 PM	5
Eddie 9V	Rams Head On Stage	Oct 21, 2026	7:00 PM	4
Jesse Welles	The Anthem	Oct 21, 2026	8:00 PM	51
John Scofield	The Hamilton Live	Oct 22, 2026	8:00 PM	24
Cavetown	The Fillmore Silver Spring	Oct 23, 2026	7:00 PM	47
Cody Jinks	Jiffy Lube Live	Oct 23, 2026	7:00 PM	42
Daniel Donato	Lincoln Theatre	Oct 23, 2026	8:00 PM	6
The Brothers Comatose	The Hamilton Live	Oct 23, 2026	8:00 PM	5
Little Big Town	The Theater at MGM National Harbor - National Harbor, MD	Oct 24, 2026	7:00 PM	17
Josh Ritter	Birchmere	Oct 24, 2026	7:00 PM	12
Daniel Donato	Lincoln Theatre	Oct 24, 2026	8:00 PM	7
Rush	Capital One Arena	Oct 25, 2026	7:00 PM	363
Beck	The Anthem	Oct 25, 2026	7:00 PM	393
Josh Ritter	Birchmere	Oct 25, 2026	7:00 PM	3
Eddie 9V	Rams Head On Stage	Oct 25, 2026	8:00 PM	2
Rush	Capital One Arena	Oct 27, 2026	7:00 PM	152
Mike Dawes	Annapolis, MD - Rescheduled Date	Oct 27, 2026	8:00 PM	23
Billy Strings	CFG Bank Arena	Oct 30, 2026	7:30 PM	136
Mike Dawes	Vienna, VA - Rescheduled Date	Oct 30, 2026	8:00 PM	18
Leftover Salmon	Nevermore Hall	Oct 30, 2026	11:30 PM	7
Billy Strings	CFG Bank Arena	Oct 31, 2026	7:30 PM	107
Leftover Salmon	Nevermore Hall	Oct 31, 2026	11:30 PM	5
Gaelic Storm	Rams Head On Stage	Nov 04, 2026	8:00 PM	5
Gaelic Storm	Rams Head On Stage	Nov 05, 2026	8:00 PM	5
Gaelic Storm	W/JigJam	Nov 06, 2026	7:00 PM	13
Punch Brothers	Warner Theatre	Nov 06, 2026	7:00 PM	25
Shemekia Copeland	Hylton Performing Arts Center: American Roots Series	Nov 07, 2026	5:00 PM	5
Hiss Golden Messenger	9:30 Club	Nov 07, 2026	8:00 PM	16
Sammy Rae & The Friends	9:30 Club	Nov 12, 2026	7:30 PM	17
AJ Lee & Blue Summit	Pearl Street Warehouse	Nov 13, 2026	8:00 PM	12
The War and Treaty	The Fillmore Silver Spring	Nov 13, 2026	8:00 PM	2
Joy Oladokun	Howard Theatre	Nov 13, 2026	8:00 PM	6
Sammy Rae & The Friends	9:30 Club	Nov 13, 2026	8:00 PM	20
Fruit Bats	9:30 Club	Nov 14, 2026	8:00 PM	45
Rival Sons	The Fillmore Silver Spring	Nov 16, 2026	7:00 PM	23
The Blue Stones	The Fillmore Silver Spring	Nov 16, 2026	8:00 PM	20
Samantha Fish	The Fillmore Silver Spring	Nov 17, 2026	7:00 PM	34
Yaelokre	Howard Theatre	Nov 18, 2026	7:00 PM	113
Deer Tick	Rams Head On Stage	Nov 18, 2026	8:00 PM	7
Mike Zito	Bill Murray & His Blood Brothers	Nov 18, 2026	8:00 PM	17
Bill Murray and His Blood Brothers	Warner Theatre	Nov 18, 2026	8:00 PM	5
Mustard Plug	Nevermore Hall	Nov 20, 2026	7:00 PM	18
Goldfinger	Nevermore Hall	Nov 20, 2026	7:00 PM	35
Dark Star Orchestra	The Anthem	Nov 21, 2026	7:00 PM	16
Kurt Vile	Ottobar	Nov 24, 2026	7:00 PM	100
The Seldom Scene	Birchmere	Nov 27, 2026	7:30 PM	3
Nicole Atkins	Rams Head Tavern	Nov 28, 2026	7:00 PM	9
Eddie 9V	Union Stage	Dec 06, 2026	7:00 PM	5
Taylor Ashton	Rams Head On Stage	Dec 10, 2026	8:00 PM	3
Bouncing Souls	Black Cat	Dec 11, 2026	6:00 PM	86
The Suicide Machines	Black Cat	Dec 11, 2026	6:00 PM	59
Carbon Leaf	Rams Head On Stage	Dec 11, 2026	8:30 PM	15
Carbon Leaf	Rams Head On Stage	Dec 12, 2026	3:30 PM	13
Carbon Leaf	Rams Head On Stage	Dec 12, 2026	8:30 PM	10
Carbon Leaf	Rams Head On Stage	Dec 13, 2026	1:00 PM	7
Ibeyi	9:30 Club	Feb 08, 2027	7:00 PM	7
Gracie Abrams	Capital One Arena	Mar 04, 2027	8:00 PM	102
Gracie Abrams	Capital One Arena	Mar 05, 2027	8:00 PM	61
Angélique Kidjo	George Mason University's Center for the Arts	Apr 25, 2027	7:00 PM	11
