Date	Share Link	Caption / Artist Info
Oct 16, 2021, 10:31:28 PM	https://photos.redhat-bootlegs.net/share/dNiprahYJTh07RQVRlvQeI6cRu9cVpICWFvUVQdkScKdXodR72fz9k6Mjq9DWH-zSmk	Live show VIP experience in the time of COVID. Such sweet sisters, making great sounds together. 10/16/2021 at The Recher. I am a big Larkin Poe fanboy...
Apr 4, 2022, 8:15:29 PM	https://photos.redhat-bootlegs.net/share/OeMjBioil-DVm7F6I1hr3s8paLldsyyJJWGMy2rcqv7d6DPJyk_a9a49Vy18n4rWEJ0	oh nothing. just me and then-22-year-old, now Grammy-winning Best Contemporary Blues Album artist Kingfish Ingram. The dude can flat out guitar... | November 18, 2021 at Sixth & I Synagogue
Dec 14, 2022	https://photos.redhat-bootlegs.net/share/a2qtiyEBWz5qv4YOAuShnZ_w27XHiMzrLBH8M6yu6c67o4XIV9RGBpg5SVF-5WAnLFo	Ana Popovic @ Pearl Street Warehose 2022-12-14
Mar 9, 2023, 11:53:49 PM	https://photos.redhat-bootlegs.net/share/wVeFUGV3dU_X0_yC-HmgLZiCh_gDHKl1wlfEND1TkOOALYbjSjCY565tu0_jjro8lmw	Live music binge  - this time I got a photo with the band Larkin Poe at 9:30 Club 03/09/2023
Jul 29, 2023, 2:44:46 PM	https://photos.redhat-bootlegs.net/share/SAfE0D6Xc5Jgx1x7ijmDwF_BHGWitm1mUt1u6dq_HmHKOiygflq7dJZ6Z6CbGUTl1-w	Ally Venable at Rams Head On Stage 6/28/23
Jul 29, 2023, 2:44:46 PM	https://photos.redhat-bootlegs.net/share/FfGUyzhffsIUyzz8u1cychRtmZGU6rjY5aRukhxZpxhAFSppftI0n9MuS514Dntpo-0	Ana Popović at Hamilton Live 7/28/23
Jul 29, 2023, 2:44:49 PM	https://photos.redhat-bootlegs.net/share/nZ-NSgZtlbzWmkqfQO1UT29LEq2lLlxAGACpaLu-y53q99mP1iabQaXasaMzNb08g-U	Eric Gales at Hamilton Live 5/17/23
Aug 5, 2023, 9:33:49 PM	https://photos.redhat-bootlegs.net/share/BUwNoqMG3PdxUqYr4K6X9HQKS0jn4rwPw0DbGUgUscGWUQdG-m9RQ2xTG6yVD7cNmZs	Bob Alcorn of Malibu Wanderers (now Wildflower Dreams)  | at Celtic House 8/4/23
Aug 19, 2023, 1:28:37 AM	https://photos.redhat-bootlegs.net/share/71ExWIfjhxfUN_GIkkD9sgMe_bXplKXdEcHF9JuOm1NpAaJoGt54qIgpGf7B5z7iN08	King Solomon Hicks - opening for Jimmy Vaughan at State Theatre, Falls Church
Sep 8, 2023, 9:53:26 PM	https://photos.redhat-bootlegs.net/share/xNKGwrtwcdoQg_XF-pO7c2aluknncXDQ6WtdsluEJ5Ioms8VoWbysHYsUmyb1sPTsvc	ZZ Ward @ 9:30 Club 9/8/23
Sep 14, 2023, 2:10:55 AM	https://photos.redhat-bootlegs.net/share/0oUbCeWbwKQ8XVQhJKjql1wDSmoqG8T0hZBLvirru4xBi-iL7ht4lFONtUK9f_v9-0Q	Sonny Landreth @ Hamilton Live 9/13/23
Sep 28, 2023, 12:54:17 AM	https://photos.redhat-bootlegs.net/share/wFMv2bI6V0ewxRz4tkk6MRXMFTQ-EVqvnJMAmcYIO71nKVg6ALoDyfRa0NPgz3QRmW8	Adia Victoria 9/27/23 Clarice Smith Performing Arts Center, U-Maryland
Oct 6, 2023, 2:10:52 PM	https://photos.redhat-bootlegs.net/share/R9gl6Fv_PkjmcLylRE0FC0RKewqGKhhhVUHS2JQCj2ohutXVNnlRRnpjiyDIiCCTRAE	Victor Wooten 10/5/23 @ Fillmore at Silver Spring
Oct 9, 2023, 2:37:43 AM	https://photos.redhat-bootlegs.net/share/tJizpmR1Gijbv_62keeQaHZ7X1kKLDH6WdwFqzAoQjrru4xWF7IUrM8GSF9dwKeT9pM	Vanessa Collier @ Strathmore AMP 10/8/23
Oct 14, 2023, 3:31:19 AM	https://photos.redhat-bootlegs.net/share/M_LlwYWRH6Qp0siWKGHkfYFnIgMY-CnUDr6uEHuQXEyYS6lI7PPPVBEVxEkPKG8O2xE	Daniel Donato at Pearl Street Warehouse 10/13/23
Oct 27, 2023, 1:18:07 AM	https://photos.redhat-bootlegs.net/share/wHbNGYFFFxzhPPpuklgIlypWv0SR9PT8O00TpipDcWcYVrjF77kKha617iU9pyJ2a-o	Albert Cummings, Jammin Java 10/26/23
Oct 28, 2023, 6:52:55 PM	https://photos.redhat-bootlegs.net/share/eObOvPY8X_k9Z6wMqOHHj81WhT1PgQ8AVDlbsYFbSfPDTJEmqVTYY-zAlLThpUamvKg	Laura Rogers and Lydia Slagle of Secret Sisters @ Birchmere 10/22/23
Nov 22, 2023, 1:06:58 AM	https://photos.redhat-bootlegs.net/share/XVj7T6DWxJnZH5TurNaokRzkLR1wX3SD4B3YFSV-P8drmKUVTPfiS35f-A5_adk0n4Q	Ok, no guitarist in this photo. This very blue-lit band is Lucky Chops @ Union Stage 3/5/23 (l to r) Drummer, Trombone, Trumpet, me, Sousaphone, Bari Sax, Tenor Sax
Nov 26, 2023, 11:38:32 PM	https://photos.redhat-bootlegs.net/share/mAlxaSeryd5bth2TOUfmYPClTiFuINTIEx_KyAvrnXUBfAV0NyC1r5cfflC6IoRtoVA	Brian Elmquist, Zach Williams and Kanene Donehey Pipkin of Lone Bellow. The Barns at Wolf Trap 11/26/23
Dec 4, 2023, 1:56:39 AM	https://photos.redhat-bootlegs.net/share/fgFypL6u4Tm3jGlfe0MwdAvmbknc05O4BMe5IHfwGJ-VFQl8o7E7wC-Y2qHY_bw65kY	Eric Johanson @ The Fillmore Silver Spring 12/3/23
Dec 4, 2023, 4:05:44 PM	https://photos.redhat-bootlegs.net/share/vJ7Fy1wGfZkKYPf6csUajZuVFRhsgghU6BtKSWR2Of5DGF3zV0AvCmEcvReaWGj8PM4	Samantha Fish + Jesse Dayton @ The Fillmore Silver Spring 12/3/23
Dec 11, 2023, 11:56:13 AM	https://photos.redhat-bootlegs.net/share/StY2eL_CDBNmyPAuCd43PUMy4KghneG9ZQRLPRYiNZ4caoXAhG5t3ER0VmZ07mJZlQk	Allison Russell. Yes I'm wearing the tour shirt I just purchased. Birchmere 12/10/23
Feb 21, 2024, 7:29:30 PM	https://photos.redhat-bootlegs.net/share/vMxMBU-eDnzFQdVEyD-PZb25Fq6UCvKyLLaEzznIlG5XiQMKfSM5bgIPczbNOD8LhOo	Eric Gales, round 2 @ Hamilton Live DC 2/20/24
Feb 23, 2024, 1:19:09 AM	https://photos.redhat-bootlegs.net/share/rZu5s6lCL5_JAeRJbE9W2Y9JhAdjszk2na9PyU0htm-ngKez4db8ZR5qyZUvTxgna_A	Artur Menezes @ Hamilton Live DC 2/20/24 supporting Eric Gales
Feb 26, 2024, 2:21:12 AM	https://photos.redhat-bootlegs.net/share/P12zbR6kgbD-s9ODfjgQUuMAW6z9O23mfI36eq3pQh1JAJ2aW8GHhbncXKfCN3kZVmU	Selwyn Birchwood. Collective Encore 2/25/24
Apr 13, 2024, 12:07:43 PM	https://photos.redhat-bootlegs.net/share/b95X24U2axINFuSQG9oDpIsTZ3wkpiEQdnEQN7rwvHizhHf_npb6Bc1Q4QOsM4IGN4Y	Danielle Nicole @ Hamilton Live 4/12/24
Apr 14, 2024, 12:41:24 AM	https://photos.redhat-bootlegs.net/share/ZSyY82hikqiUGo5_VgEVc57Xxe-LAFZW-m3UGkSWAHp_xRgbyWRWF7qjysiDfLAEhQ8	Judith Hill @ Fillmore Silver Spring 4/13/24
Apr 20, 2024, 2:21:33 PM	https://photos.redhat-bootlegs.net/share/Z2djHj6QwX2VK7WvWJC2hzF1LIeDrBwwSClk5FlFUDgfpuMOZY84PketOen8XV-0_qw	Vanessa Collier @ Collective Encore 4/19/24 - her long-time birthday venue when it was called the Soundry
May 18, 2024, 4:13:12 PM	https://photos.redhat-bootlegs.net/share/1u1uORExrWbvKpqyw7SwtVI2pxU3HF9bhg7Qf-4TA8iispoq1KaYf-_nyIxbpVDpvKU	Joe Cabral, bajo sexto and saxophone player for The Iguanas - Hamilton Live, 5/16/24
May 18, 2024, 4:15:38 PM	https://photos.redhat-bootlegs.net/share/CHC5_BZdnApmOz59nOwD5tPjSSVinWckNBFEd1WFFS1zlxTc7Nx2CeWS4lnze8tYDaA	Sonny Landreth - Hamilton Live 5/16/24
Jun 7, 2024, 1:00:48 AM	https://photos.redhat-bootlegs.net/share/ATgdsUpiEVRs02jGmLUf22mITMDUmbc7E_vUwC3CdujAZT6U9zv6NJFEM0TyvhuFnmQ	Jackie Venson @ Color Burst Park 6/6/24
Jun 17, 2024, 3:25:30 AM	https://photos.redhat-bootlegs.net/share/sQW2E3O7GoFsHX2-9FNMFkfp-eOVEKY9rgtQKPdvuF2ECzr4GuHFzUGWX5JI90wDSxQ	Shaw Davis @ Rams Head Live  6/16/24
Jun 22, 2024, 2:35:10 AM	https://photos.redhat-bootlegs.net/share/1fJWxfMMmOTnqW4bK3nAjA-_v1dYL2vql860F38RqYgypaObKtPr9u4G5ZCjFpapwB0	Buffalo Nichols @ Jammin' Java (VA) 6/21/24
Jun 26, 2024, 3:38:30 AM	https://photos.redhat-bootlegs.net/share/OhLHszHCYhiqsItTuEOPloDWCfyfhl7ehuORL9bz6VLlztWwPny3ld7TrUDPeQ1QjIQ	Mikaela Davis (harpist) Pearl Street Warehouse 6/25/24
Jul 19, 2024, 1:12:34 PM	https://photos.redhat-bootlegs.net/share/vs27vG71Uy279SFv7pBRK78AlQ4Qu2p0zRqxOdlkAeG56DL0hpJEBu4T945rgx-q0EU	Mike Zito @ Birchmere 7/18 | (I was talking instead of smiling, but also my face had just been melted off)
Aug 24, 2024, 2:14:44 AM	https://photos.redhat-bootlegs.net/share/RPJqy4m3i_HsUGeMqWGjxmgu6ndhZqDMWIbQalOK6d0-CpM9i9j_7ALZDLacLWMeIbo	Sue Foley @ Hamilton Live 8/23/24
Sep 9, 2024, 1:36:05 AM	https://photos.redhat-bootlegs.net/share/zQpQrrTAo0AcJEFDyIVnW6MXbjrj3y40g7U7Bdkd8EAxnFNwsbsb6gZBnyCY-HVAfZY	Vanessa Collier Rams Head Live On Stage, 9/8/24
Sep 19, 2024, 9:16:16 PM	https://photos.redhat-bootlegs.net/share/RNoJ8vNfLxlel7Iu4F8gc54U1ZszDZXRI7IxVbnvxosGzjPZZ_JFTuteJcjXbPLQFN8	Selwyn Birchwood @ The Vault at Capital One Hall 9/18 first time there for both of us!
Oct 6, 2024, 1:47:24 AM	https://photos.redhat-bootlegs.net/share/xgDSZ6DBv4jtjdyjOOr0dlh2Bsqi-k4wtWgs1MFN6HvY66HyxS1quKmjyVSt0Oq0HAg	Valerie June @ Publick Playhouse 10/5/24
Oct 10, 2024, 3:06:47 PM	https://photos.redhat-bootlegs.net/share/DEA9_26dn6siQtbpaG44soazowuK5DBwYOtlotxHM-FRLae-hUuGjXTngQkJebzDs70	Laura Chavez @ Hamilton Live 10/9/24 | (very averse to photos, very incredible on guitar)
Oct 14, 2024, 11:13:11 PM	https://photos.redhat-bootlegs.net/share/aMc_KlI130Jx61yIwmnmr3VAZEkiqEyDrraQ9puIUF5BkLQKi-1bFsRusi3tFfslJZU	Jake Xerxes Fussell @ Songbyrd Music House 10/13/24
Oct 15, 2024, 12:19:38 AM	https://photos.redhat-bootlegs.net/share/fOprZphi1cseE5_thi549hHerULZfpJQ1xw0Fr-WaWnL2x9tyr2mZKOfR67P1An9ZHk	Vanessa Collier @ Hamilton Live 10/9/24
Oct 17, 2024, 2:33:32 AM	https://photos.redhat-bootlegs.net/share/3P3U9VEm0hGULt-JvN8Pg9yJ-jeQCKOPzgXEV3kvr8QyrK7rYVijv3ilA2ZZ3NxF8Mo	Ana Popovic 10/16/24 @ Hamilton Live
Oct 20, 2024, 3:26:24 AM	https://photos.redhat-bootlegs.net/share/Q47zB_VMBSdqjLbbEcUpejKRDAbcnKW8hd_w6K6lSjNmuhKHY4148TE-RN9DLGt7m8Y	Shemekia Copeland (singer) @ Rams Head 10/19/24
Nov 9, 2024, 1:47:30 PM	https://photos.redhat-bootlegs.net/share/O18KqwAtaFS9vcFs1K9Gg2iROktJgdNxX9S-ggaAXpKH5gWEsmr2Fx9RMgDkzOeKcp8	Albert Cummings @ The Collective Encore 11/8/24
Nov 10, 2024, 12:50:12 AM	https://photos.redhat-bootlegs.net/share/DNRxBFVv4wKfs-pMhf6f432w1NNeTsKXmn6APC2WySvMRLRFuuD91M5mEclMXgAj3fo	Augustus Tritsch @ The Kennedy Center  11/9/24
Nov 17, 2024, 10:14:35 PM	https://photos.redhat-bootlegs.net/share/Y9sxMeAhxVrvxEmyglGX9IQYi5v6AUiPbGjVENoUE269MlJaTtiW6nT05ndWfXFfBAI	Lindsay Lou @ Strathmore 11/16/24
Nov 21, 2024, 2:00:46 PM	https://photos.redhat-bootlegs.net/share/Gd5vrBGMdqVuosW78roKX_cVkLN44TvFsJak1P5L5rZxFG-KTfjVXMHvXXaU-X3a8TE	Ghalia Volt @ Warner 11/20/24
Dec 23, 2024, 5:42:12 AM	https://photos.redhat-bootlegs.net/share/w66WyJ-3X1BA_hqvLkFlHrw5d8-ZU4txNeU6R6w-U-TXAVeDkSxamPfkG9I0D6otijA	Albert Castiglia @ JVs 12/22/24
Jan 11, 2025, 3:22:14 PM	https://photos.redhat-bootlegs.net/share/m_sxGPPL2nKpHiS8KVQUpA_FPxUa7rYlKOB48V06aTfz0mkhrcJkgCPIPKHaSL98bUQ	Keith Roberts of Young Dubliners @ Pearl Street 1/10/2025
Jan 11, 2025, 3:22:14 PM	https://photos.redhat-bootlegs.net/share/CaUuw0w2sUU8yoeLWPaMGCMevlsbAazTmoTgk3OQ41IDaECViQkS7SJRmEvZmabaA94	Chas Waltz (violin) of Young Dubliners @ Pearl Street 1/10/2025
Jan 26, 2025, 12:42:10 AM	https://photos.redhat-bootlegs.net/share/q5CGY1H72trGJszIjq-POVVvrRPDqmoE3lfwxhLmDqVUZq0Fc7TGzIPJziDCFCuUYlo	Oliver Wood @ Birchmere 1/22/25
Jan 26, 2025, 12:42:10 AM	https://photos.redhat-bootlegs.net/share/GaPEhO6S6wFeJG86He8hSHBjjzSkBJnTPaS5_RURlKEzqqcO6UztyEQGIeyQ25GAVPY	Langhorne Slim @ Birchmere 1/22/25
Feb 8, 2025, 4:42:21 PM	https://photos.redhat-bootlegs.net/share/MdJ5YgMsoHc0CR1dUmxIzfsvQfrBosiZeG75ZaB0GuPC-MBroE33g2vyaupO_BRaN5E	Yasmin Williams @ Birchmere 2/7/25 |  | fresh from her NPR Tiny Desk taping https://www.npr.org/2025/02/07/g-s1-45615/yasmin-williams-tiny-desk-concert
Feb 8, 2025, 9:03:24 PM	https://photos.redhat-bootlegs.net/share/SZgXtV7doaixEuM3Rvgka7qy4aAux5OVlAHFKi1e_b2MlWH6OnmkHwxFR2srRuEEuOo	Sue Foley @ Hamilton Live 2/6/25
Feb 27, 2025, 2:51:50 PM	https://photos.redhat-bootlegs.net/share/PJA3_5Uhrb2x6_XJA-V6Gr3o6SBSZU_h5qXCQrrRSXF7TCUS7CESVw_1ucbUNiVFNMI	Trevor Lewington of Enter the Haggis @ The Barns at Wolf Trap 2/26/25 my birthday, show #2 of the Exit The Haggis farewell tour
Feb 28, 2025, 10:13:29 PM	https://photos.redhat-bootlegs.net/share/7omzZOkg705rk8x-lrp7H-jYNr49gZw7g6VBih8PqWScX0RME_3s3DrdGFWUuHIYvH0	Mike Zito @ Hub City Vinyl Live 2/27/25
Mar 22, 2025, 1:07:09 PM	https://photos.redhat-bootlegs.net/share/Rt53C6PhWK5r3VD1EdSi5L0dr6mvtiXWrseGrVe_OeJG26MV5pwbiL8AIWk5mR_6dos	Tikyra Jackson, drummer for Southern Avenue - Ram's Head Live on Stage 3/21/25
Mar 22, 2025, 1:07:09 PM	https://photos.redhat-bootlegs.net/share/ARAv7SclXiHJaFhZz-Hzy0CazfvcqW6Oz5xrhH5YGdFcW0lmtXmC48ZRy0cLfSdlEnM	Ori Naftaly of Southern Avenue and his youngest fan. Ram's Head Live on Stage 3/21/25
Mar 22, 2025, 1:07:10 PM	https://photos.redhat-bootlegs.net/share/ep4ezo7s1erEZlvA0ueCdwKZ3rmzyx-ehgtxvXk7JdYxfbeuSkajDNsdLyzkuWh5QXM	Tierinii Jackson, voice of Southern Avenue - Ram's Head Live on Stage 3/21/25
Apr 20, 2025, 1:27:03 AM	https://photos.redhat-bootlegs.net/share/U9I9Jqc6JwCO0ZehZx_RspBJKUhKXnoPGQ8gyqKoDIM2UnsJAzwgZwwbUr7xJSqzFxA	Valerie June, Ram's Head Live on Stage 4/18/25
May 3, 2025, 2:54:22 PM	https://photos.redhat-bootlegs.net/share/1Tx6z1yVWDiQEDiKioNLdunWT-vfoVnOUsfwJHmQ1VCO7TCicTUkNuNyEUJmoyHDY44	Danielle Nicole @ Pearl Street Warehouse 5/2/25
May 3, 2025, 2:54:22 PM	https://photos.redhat-bootlegs.net/share/cikyC9mbc3Ej-ITnexnSgqAOvBusQVQEQp6t5sdIHiyX6jIISRJrzB6jyK5ahkQvbk0	Brandon Miller @ Pearl Street | Warehouse 5/2/25
May 9, 2025, 9:31:06 PM	https://photos.redhat-bootlegs.net/share/veKTLBXhVodN1QZkqv2MLwYtcq13ocMSRhKeCobRZOhF_-dQo7_Yy0mJ6A0t4FesHm4	Larkin Poe at 9:30 Club 5/9/25
May 15, 2025, 7:27:30 PM	https://photos.redhat-bootlegs.net/share/Fq47osIpV1HU8M1ZctNWUpWywhtyWQDVpJdx7Sx0OPqpKcezfggR4VVzXcPQCJGB6qw	Ally Venable @ Ram's Head Live On Stage 5/14/25
Jun 14, 2025, 7:53:39 PM	https://photos.redhat-bootlegs.net/share/o2V8c3jVsV9_286V8m4NeqKEV8gAdPIRVJ2IILGYtGVGLn_-YgwmNLZDUzsHBHq2j0w	The Heavy Heavy - William Turner and Georgie Fuller @ The Atlantis 5/13/25
Jul 14, 2025, 2:47:22 AM	https://photos.redhat-bootlegs.net/share/sHlP2_8r9YsvM_3knW66SxJFJjc9lLX5oBbJxy3CLr2v-qP_CPhct31-auAMWg4ERWY	JP Soars at JV's Music Room 7/13/25
Jul 19, 2025, 1:46:14 AM	https://photos.redhat-bootlegs.net/share/Z66UzMi6WKnyUdcn6zs9n2ZCoj8tekeIK-Da9YGKtAWHoHKebdeAqFFiU9kMn83Wez4	Jax Hollow & Taylor Tuke @ Ram's Head Live On Stage 7/17/25
Jul 22, 2025, 4:43:06 PM	https://photos.redhat-bootlegs.net/share/qOKGl27AV51OE82p29lRFhlwMsyZG-JbwBAT7FCekYRHxgsdGHmBuFvzOvbHHc1iBPQ	Amythyst Kiah @ Jammin' Java 7/21/25
Aug 4, 2025, 1:43:00 PM	https://photos.redhat-bootlegs.net/share/n7b0mO6C5Y2_jSQJCTbZbTzRia8x50aHp2MMgdsxRNfH_pUCencL6TBX8utgdQnrKY0	Eric Johansen @ Jammin' Java 8/3/25
Aug 20, 2025, 2:22:17 AM	https://photos.redhat-bootlegs.net/share/-P62VpC_PAi_H4o5fcgqHlYTL9NP4TRmq9MWOrxy4ZXHCorqhb3Dj_HAXJ_HUlm89cY	D.K. Harrell @ Jammin' Java 8/19/25
Sep 24, 2025, 11:23:17 AM	https://photos.redhat-bootlegs.net/share/8EET_zK-8s5cOpcAzXtf-h6SfRcTIxNJEYAS1zReA2l95T27uokZVBiiHg95ftA5_i0	Dave Barnes of Bywater Call @ Pearl Street Warehouse 9/24/25
Sep 24, 2025, 11:23:17 AM	https://photos.redhat-bootlegs.net/share/DuAaHHap5M_DDNqE_Mk6dts53V4_P8rZeczZKXZWq9TUH4bRcuGoXRmDMXAKB3oLnnU	Meghan Parnell of Bywater Call @ Pearl Street Warehouse 9/24/25
Oct 11, 2025, 1:13:05 AM	https://photos.redhat-bootlegs.net/share/0Tpvp_G-SlPxWd19KvRhpdf6mVu4AA5KQ6FiAODFQDHX2_ET9Y2TlX2orKISdblFP00	Judith Hill (again) @ Hamilton Live 10/8/25
Oct 17, 2025, 9:26:26 PM	https://photos.redhat-bootlegs.net/share/RE0B24dw7frGBSVWKuGJmLyxbGQwOMsvgnlVNdRmLesaLN-9kFeo7_AVScQJI7Euh8k	Jackie Venson (again) @ Hamilton Live 10/15/25
Nov 5, 2025, 3:45:42 AM	https://photos.redhat-bootlegs.net/share/ggPvT2VT-gMufiWtGb1AabxxuWCR7r1_elR5jTnolcuXJAi8ni9htYaMA9dChxta80o	the incomparable Jon Batiste @ The Anthem 10/31/25
Nov 9, 2025, 10:55:04 PM	https://photos.redhat-bootlegs.net/share/AwVNGPnrpUK0H0nVJZT8Gj9g2M2gupq0PCp4Wi4HHBH4cX0qln-lLALlrnxGL9TF8AY	Stageside with Luther Dickinson of North Mississippi All-Stars. Joey Williams in the background @ The Barns at Wolf Trap 11/8/25
Nov 15, 2025, 12:20:22 AM	https://photos.redhat-bootlegs.net/share/COyYbO8nOj1aNTqK60_-NsPZW5ZYOV1WOofYwRD3IzknAK8VfczlKFmoUWQ-U1hZF_U	The Lone Bellow (again) @ Union Stage DC 11/14/25
Feb 20, 2026, 2:43:16 AM	https://photos.redhat-bootlegs.net/share/erVPmbo3KyecyK5LzsKujAuH6GTLem618rmiPNK9MpcBQAExMHdfukJpOJ1XiLGiBZM	Mohini Dey @ Birchmere 2/19/26
Feb 22, 2026, 3:37:18 AM	https://photos.redhat-bootlegs.net/share/9yFycQrF3IskAk0whZOowkZnRBb1mQO10HEwVtmd-5emFgaL-pTuIw8W9yfgVs-rBNA	Matteo Mancuso @ Hamilton Live 2/21/26
Feb 27, 2026, 5:34:08 PM	https://photos.redhat-bootlegs.net/share/u8coJlD_K5WqlNdD37C5m_T5VXIAf8olpaNg1sgPxLgIUeEah4fcd347QhM7RlFuYr0	Billy Gibbons and the BFGs (Chris Layton, Mike Flanigin) @ Birchmere 2/23/26
Mar 8, 2026, 2:02:18 AM	https://photos.redhat-bootlegs.net/share/keR7S6Fb1quIBznU8DsyQON8NPAX8APmFxo9AIDtaWBbXklOTd2s-_KGQb_NDXSBMa0	Albert Castiglia (again) @ Rams Head 3/7/26. expert photo by Lary Chinowsky
Mar 16, 2026, 12:34:25 AM	https://photos.redhat-bootlegs.net/share/ktFHsvWWhUdJMZSLmSkp5ahu1HmLc4KyhFHzBkiHhkzsta87zlnk7QypHEQWXHtI7bw	Sue Foley (again) @ Hamilton Live 3/11/26  | One Guitar Woman tour for Women's History Month
Mar 21, 2026, 2:57:17 PM	https://photos.redhat-bootlegs.net/share/RNml7P6daEWIk3EQUNrZEqm-q06V_U9xkwVNY_zk3PaK-_q6i9ZrhUautrtcawYfinw	Danielle Nicole (again) and Brandon Miller (again) @ Hamilton Live 3/20/26
Mar 21, 2026, 10:20:52 PM	https://photos.redhat-bootlegs.net/share/cwGGddNy1ANcS6D7yzOmdK33GtyX2FY7Icg6EP0cyf4QX38xrm4te6zK-JTv4KaCE-s	ZZ Ward (again) @ Birchmere 3/21/26
Mar 29, 2026, 6:42:03 PM	https://photos.redhat-bootlegs.net/share/oHu1MFk3yPid6vHXETCWlkl1nX-PzmXjaXpc9xBRkLwo31oeAVJXrrdpF_R6P-oPSes	Joanne Shaw Taylor & Shane Saunders @ Ram's Head 3/28/26 (photobomb, JST doesn't stick around for fan photos)
ar 29, 2026, Sun 8:51 PM	https://photos.redhat-bootlegs.net/share/z9gaf-osWN-ZLphTRnZNI3Q4ZfwZlsJCabaIXJ7mTFteqD4xjErkuxCTqF62rn13lLY	Selwyn Birchwood (again) @ Collective Encore 2026-03-29
Apr 11, 2026, Sat 9:46 PM	https://photos.redhat-bootlegs.net/share/spUUUZXfR8dEeVM3kPUcg4DVN6aH7tjjZqp5ob9WWmqfORJCGA0110t9lgFiNxAtmkc	Jake Xerxes Fussell (again) @ Union Stage 4/11/26
Apr 12, 2026, Sun 8:45 PM	https://photos.redhat-bootlegs.net/share/IQlMeFvqz8gdm-Wbjs_WabHYF1K46TZ2P845w7qAN5BRMrUCo9tTW9m94wDf9SFRC_I	Margaret Glaspy @ 9:30 Club 4/12/26 supporting Glen Hansard
Apr 19, 2026, Sun 9:59 PM	https://photos.redhat-bootlegs.net/share/pCaJAuenULiFHbBii6YyslThTwkfu5J_7TfrVM-j69LeALPDdY4QtTKR8w24T0cvk_E	Tommy Castro @ Rams Head 4/19/26 - he looked at my T-Shirt and said "You've got good taste. I love those kids" (he's 71)
Apr 20, 2026, Mon 9:36 PM	https://photos.redhat-bootlegs.net/share/kA1KnBE6Ft5LxlBFX-3ItSJyTy-SDdi8y4L317J4Xryjn0XJOSq0H5DhCekGsRCfFhA	Ally Venable (again) @ Rams Head 4/20/26
May 9, 2026	https://photos.redhat-bootlegs.net/share/NLDNQrYFpTZT7Cqwk-98kwZr0vQONkRbaXIcEuE9Iiv7H_mA84Sy-XLCMh10nkooe-E	Vanessa Collier (again) @ Collective Encore 5/9/26
May 14, 2026	https://photos.redhat-bootlegs.net/share/9hD5urakq-waVYuErKQLRZtn5sgCrBAWf7mANY_mY-FDTp8vJkrVU3z7K05gPl8DOhc	The Lone Bellow (again) @ The Birchmere 5/14/26
May 17, 2026	https://photos.redhat-bootlegs.net/share/fzRUsCYX0f5hqQTEQHAdZYC62y_i6NVaPlUfjvx82Xn7nFf96j4_hq6U7wApUunlOhw	Gabe Stillman @ JV's Restaurant 5/17/26
Jun 4, 2026	https://photos.redhat-bootlegs.net/share/Yu9cFtjtC-BFhZewj0xNC72GNydHxM3NnkKGMqhQ-EW6Grg7CfI8a2RZ11KYJrSvROk	Jackie Venson (again) @ New Spire Arts 6/4/26
Jul 14, 2026	https://photos.redhat-bootlegs.net/share/H-62U9omO7mjQw0aIcHTIj0KIKmB8hH857AQ5CECI5EG63kTaDHx8Bv2HUv-yq9Ycwc	Meghan Parnell (again) of Bywater Call @ Collective Encore 7/14/26
Jul 18, 2026	https://photos.redhat-bootlegs.net/share/uu5muORVnczV187U_Q7NJElebAB2Q3UP6M9xfNCMzllWghQufzISFSs8ukRBUUCJqVg	Trombone Shorty & Orleans Avenue @ Wolf Trap 7/18/26
Aug 8, 2026	https://photos.redhat-bootlegs.net/share/vF7TIiAWuHNHMyzLPxmu1ajbPU20NIsECoR4IhaKZvDiUjBeU5oFbYyV2bx58FEZ1wc	Sabine McCalla @ Jammin' Java 8/8/26
Aug 12, 2026	https://photos.redhat-bootlegs.net/share/CoAyG1G3SRrj4wx2IfTtGcv4Wb3O1vCvAQ6YT1tS2_VTGKGBJ_tPhu8FTlJ4wZqAT60	Tierinii Jackson of Southern Avenue (voice) - Ram's Head On Stage 8/12/26
Aug 12, 2026	https://photos.redhat-bootlegs.net/share/XAwjKSNRIT4pbpP4zCLwpKgXhArL1lmn19gVm8QR4EBOyWxlZYVVKqFXw0T7dPpXsus	Ori Naftaly of Southern Avenue (guitar) - Ram's Head On Stage 8/12/26
