Artist	Album URL
Albert Castiglia	https://photos.redhat-bootlegs.net/share/Aph2sKF1A84omJ-AmcCWVYPCCJ8dFOetVoFUJ0_HEhwYrAEFWSsvIfIz5E9m-_x2H2k
Albert Cummings	https://photos.redhat-bootlegs.net/share/-PBf2iu5yufsilcUDz3viGqNW7HhFyAi7Q5Tw-8l3qGsUtjey4UEuDBYTAF-SCxILEc
Ally Venable Band	https://photos.redhat-bootlegs.net/share/afBGX7vuEPY4Ua9MyLOcnVWxBRm0itrvef0Vl_WTDAiN7B3-JUm-jY6ECekV7Dzv8ZY
Ana Popović	https://photos.redhat-bootlegs.net/share/sUE2xYEH8fqOT9qRfkQ6vt2NrqKG96-tpEPPywPDej-FTtG0FAZitvN-TFnNV4u1_oU
Brandon Miller	https://photos.redhat-bootlegs.net/share/7F9pfSxG-F4BaBwHYw16hrl_6r38Gsdo_Wi4pQJNnEmornEcUyl5YzQqXdi2-uc31Iw
Bywater Call	https://photos.app.goo.gl/cXrQEjjZF1zx5dC18
Danielle Nicole	https://photos.redhat-bootlegs.net/share/XdY96icAWA_fQdHq35K4apCktmQOx2mpUIY4QQeJzUlb2wyZoM4117JPBTGImiv4j9A
Eric Gales	https://photos.redhat-bootlegs.net/share/MJF0BtnvFcnQjxz8aqr_QdtSs_3aC4rBRs3uUvuRQY-AjCCxHO4izikOWCVKqGH1Euw
Eric Johanson	https://photos.redhat-bootlegs.net/share/JX8qvaZmeDeifH9BunZPWLQ2Dg9UgG7BGTaifOCax2BymdpDuH0xNHmJraroU2nwmbk
Jackie Venson	https://photos.redhat-bootlegs.net/share/sqbGfAwQwAlvC1YwWepOTHrbXTsAu3RkLSTfzUAKJ-yiDVAo7BZlP5p_nxFGfe7SiVI
Jake Xerxes Fussell	https://photos.redhat-bootlegs.net/share/JQnrFFDD5XI23-NPx0kBwujhgox2epbaskX0QwOWVKS6HZRa7vzZ2LB_PZgrSDdCmMY
Judith Hill	https://photos.redhat-bootlegs.net/share/jdgxLfUBEikRZCLYVSpWz3aI357C0iyEMc19MSp7AncsRmPKNmdM5uhKcqZr65rudms
Larkin Poe	https://photos.redhat-bootlegs.net/share/H2W13TMF5lC_AFHL-lYQIP7E7_X8BM3Hd7KRekjS_fXsWnpF45Y3roRLAS4bZp6_V4M
The Lone Bellow	https://photos.redhat-bootlegs.net/share/_0HSjwO1dyq8FBr_ohXpyIhnArMsL1UvPjqIJi3JD7dr8wAtjnmHFg7rRIJt6t63AsY
Mike Zito	https://photos.redhat-bootlegs.net/share/swMknkPEZuCtRPuQ-vmB9NUs4hFkX7nvVoAyVtxbKTntlJDocg01U6x2D0TJXcFRrg0
Selwyn Birchwood	https://photos.redhat-bootlegs.net/share/-6P6Y7FGayJsniUIEGi4tIJYz-lv3x9VYXrok28oGxGZxX0qlXkMiQcOp36pXpXZMAw
Sonny Landreth	https://photos.redhat-bootlegs.net/share/pBEakYJyyQ4zG0r40Fs_UiEjhriQIaLtGTqAurR9-GnqlVGKclGNoJU6T3DWjrd_u3E
Southern Avenue	https://photos.app.goo.gl/RJbrZ73rus73Ydhg6
Sue Foley	https://photos.redhat-bootlegs.net/share/61hqpe9m-JKT22tBKbpFisTB16_gQzRO1GyIkp8WDFEIF9pm-3QNFNaTLe_T_CR4Mr8
Valerie June	https://photos.redhat-bootlegs.net/share/qXie3RTe0Kcot9t3TLaOuTsGEwmUmI8C7j5jIg3RGbq7pj6IBNZZkKimZ9OagZH5PN8
Vanessa Collier	https://photos.redhat-bootlegs.net/share/VbzVvYhij4QhDTChWAGYR1F_DX_7gHD_2QxeTVS8iEaa3kDV-Q-lNB_oSZ7ePmbDg5U
ZZ Ward	https://photos.redhat-bootlegs.net/share/-UxzV6HGzamgBqoPKEOy_HNVpouGNfr0hgJnh1NEd7wU-QB0BYtKcg-AeACekkwLkxg
Adia Victoria	https://photos.redhat-bootlegs.net/share/eEf1XPDhV_YuUDnqshj_ppW1rjcvbsyTBu1Mjq71pogA-VPpL_jW0VUZk3FPNI9zndA
Allison Russell	https://photos.redhat-bootlegs.net/share/GRxpay7XS8ILveAsZmOil-0zM17VSsCcEXXmxOdANIq8l-6O27rStI92PzUD4HSe3MQ
Amythyst Kiah	https://photos.redhat-bootlegs.net/share/rZQ1VVvqG-5ShIwRNBzKWzw6-6JwX5LHAQDXXoeAJdEgZw8Vk18-VMR1Pj76X1BWOTQ
Artur Menezes	https://photos.redhat-bootlegs.net/share/M0oXwWmyQllCI5rcRAKV8rgUjjeIBEVLfS-Vun8wtVmM9i-7KXa99eOzNczbPnz4p-0
Augustus Tritsch	https://photos.redhat-bootlegs.net/share/OkVzoOH_NVVCWkIvqez72aKSjSOMLS4diB3qyoJCczZYq3K2Slkog28b1V7HgJeopuc
Billy Gibbons	https://photos.redhat-bootlegs.net/share/MHcvOTy1ff-kw77Y9t9aJNHCTY4cbuZMGqYmA4k6F32zD3GsEtPpEa6djonQKryYqRU
Brian Elmquist	https://photos.redhat-bootlegs.net/share/lm9CS-JzZjPALOsf_bzvI35gBroY5dDtnHtgQbznR5ELVizxDjOqMM-W6fuWtTBsl9M
Buffalo Nichols	https://photos.redhat-bootlegs.net/share/AGtHp8mwE2DQ15tVPGwpw71ts9z6eETDW4omLsuypyRv-JZ6zqC8N1mRrz2hEA5iQok
Chas Waltz	https://photos.redhat-bootlegs.net/share/eJQ0GJ9wDk-uBpQQVFw_s9SpRU-qQg73ga34sD3qWq4LoAphq31AijKI8iS0SXSIOjw
Christone 'Kingfish' Ingram	https://photos.redhat-bootlegs.net/share/USpYsc3OsIEvWD8jeJyDlats0mKhFkbgwoBYsrRqeAo4XZdVU1Cb8_xLaC9mLVmu-nQ
D.K. Harrell	https://photos.redhat-bootlegs.net/share/TMVfwyQGBI7v7U0hx5Zu52fUE92AVLevCOLJvXykNaNazHs1Y5RHp885sBUmkPYgjo4
Daniel Donato	https://photos.redhat-bootlegs.net/share/BnlG3ppEtCGh8HaQMPKVGeEwwOBxCPw3J_xgbud7LAjGS3xSEj17qIhWFxi9nHLKcXM
Dave Barnes	https://photos.redhat-bootlegs.net/share/S-woWMywdYs403N8fZBSy4znqZpBDTOXe1v-ul3lC0_3xrQs3X7-hV38jIifptub6iU
Gabe Stillman	https://photos.redhat-bootlegs.net/share/kZ7e6k5Vw1yN8o5CI0T-3OF4udYwq3SG_fMbe9_ALCUcueAndrBhdiVnuTkeNejZQZI
Ghalia Volt	https://photos.redhat-bootlegs.net/share/rHzRM_t3B-3dNLU-U0-BWFOwnTitpIZMZg_Klq18O5PhWYAcjVneV4Tzxab55bRjJFc
Glen Hansard	https://photos.redhat-bootlegs.net/share/Gm-9VYxOOXhqYZ7DKmwHJ1tBU883f93eL4xv5Fg8MxdLXG20tJoqYSiwR74BMirHvJA
J. P. Soars	https://photos.redhat-bootlegs.net/share/mTIbM8uoaGiq6Z8f9TkB_l0vLcM1LMjwCB3dkRj5FLmkEyRQoU1NwdPKGV6g_3wD1R8
Jax Hollow	https://photos.redhat-bootlegs.net/share/MKh6Ds05qDjW7XwbgP0av2QjcOH2jOCAotqTKFwLmE6sgXaGhj9hHfDa8k-QqSZ_xAs
Joanne Shaw Taylor	https://photos.redhat-bootlegs.net/share/6zTauK-J_Wb6iz0x1EMcaAmOGbhKUM8p0ewc_U7D4z0Utys06Fi7tpbsAXPXLbHd7n0
Joe Cabral	https://photos.redhat-bootlegs.net/share/pFzDo7agzH6Gpo1lA25GGX6MsEbVRU7_vmu6kiBbcDNPDDFoUL4CvBeSUwQtDLC6G4E
Jon Batiste	https://photos.redhat-bootlegs.net/share/rPxs5fkcnldlNdiuz4WQElBaV0Kybd2agqgbaYkY0W0_mOjOjG3afg5YL-HR7jGPUU0
Kanene Donehey Pipkin	https://photos.redhat-bootlegs.net/share/a0uEFQciH_2_Q_0Zcx-aPqovjsgAwXbu34LdOljOEO-ZNlhnABa98ebzxxmWi_hLTnQ
Keith Roberts	https://photos.redhat-bootlegs.net/share/-IqZRWrIar94wOjbvO99iZi9wWjlhoIADOiFCyijG8hss53SEcFqdwP7Wj4sWqmUJa4
King Solomon Hicks	https://photos.redhat-bootlegs.net/share/mEhysTQuY6paFzc-2aqRo-QNK-zY_ITj_e54ipzhDZDP8y4CS7j_X3Dss6UPHZFJPFI
Langhorne Slim	https://photos.redhat-bootlegs.net/share/ZzzNFhZBRtEkufOTyIOwNYtHuRPAsL9FXDll-uTxAYZ-CHeVr5TWgyghd1-aLBTvYGg
Laura Chavez	https://photos.redhat-bootlegs.net/share/a2j_oVEo18YkGHXLXPVKO9Sowf1pBLlqt99zYRufuUG2UVJGVrnlYS82Z2iJlzjD1OI
Laura Rogers	https://photos.redhat-bootlegs.net/share/4k8d5v1sfFai9Ot_N3NQggO__tXdbejf4imOEtEdY8er2DVb3_YaLAfFnPeAQx-noKs
Lindsay Lou	https://photos.redhat-bootlegs.net/share/qvWIV_Svwby9h1lh3gt_J0FuNDaKiIx2GKwLKqNJGVf8GtEopgV8e7HWw3aVHqpJjvI
Lucky Chops	https://photos.redhat-bootlegs.net/share/XJxx4OfOSj1m2YLt3zm6ygOE8jqOBRrb57_shmNp_a37NDMlluUxSBuLxA_1DcAoQRo
Luther Dickinson	https://photos.redhat-bootlegs.net/share/gl4aZoNP05VKubu9lbgtsckF2r1O9xtzWqqDfeZxTwXO1BYzRQkdptDw-GEkmEV3SDg
Lydia Slagle	https://photos.redhat-bootlegs.net/share/91TKeilkAp69hBzDEjnPFI9gmic_o0_0rRy93Sulzn2zd1L-xcA8hQhznv8ABnIwmrw
Margaret Glaspy	https://photos.redhat-bootlegs.net/share/EFL3dQrjZw70jG29LDkWpDztDX7LbuxBrNMJyBUSMQSbLiysKnPYRc2oFOqN5FGTPK8
Matteo Mancuso	https://photos.redhat-bootlegs.net/share/V7j4bfAOJBMim02bp-HWjgcaQMiV5Co6t3au1Tx4NO7mJLF1HFR8uqhoiIfYaSRf4Tw
Meghan Parnell	https://photos.redhat-bootlegs.net/share/4hPiYKAGLn6-H4Mcgqeu6HkGrvcduRb_7seWg3goRcAt4Exwjc_qrXYC0ecKR9qerYk
Mikaela Davis	https://photos.redhat-bootlegs.net/share/EAT--svhqupNM_qgsg-J2FKRAZVrNjjbqArmq3ZkI1UULs-CjdmRS3yR2-PYDGGfE_0
Mohini Dey	https://photos.redhat-bootlegs.net/share/yrRaYgMmiSwXyPzKuABw00gsfiFSvc5KbnKUA7uh-ueSH3dbB498aeVxLeXMe5GOPQU
Oliver Wood	https://photos.redhat-bootlegs.net/share/3Dsh6eNas2WlELri8i6Wqu1Cq8sHraJ7zSi8lQf-sj-dqIeOt0ypi0RfJJwmbDuOmzk
Ori Naftaly	https://photos.redhat-bootlegs.net/share/U57tGfrsXb_6ZtSB_ZNjwjarNjUGzaJpyHod5BhucseTcnD6sCHNnCryg5_3kEgNwzQ
Sabine McCalla	https://photos.redhat-bootlegs.net/share/SNVpTfFp9AjK4bu9ld3vjgEWz64l-zR1aXp6zGKdZZ4XPQ9vlyqFOQH4izWs_TEtwFA
Samantha Fish & Jesse Dayton	https://photos.redhat-bootlegs.net/share/MTibzwTcRIn4hHPRl6gkCSaX-WDhj49rK41A17CPbKu4WdQEfG1q4JtEMbah-Jf4dAM
Shaw Davis & The Black Ties	https://photos.redhat-bootlegs.net/share/8IbG8ye_OwsExkKjbIfS5gCwfrE9oXwlxl174d4pvVlYEopEDITgnIS0szzp_mLyb9E
Shemekia Copeland	https://photos.redhat-bootlegs.net/share/8DsenJcp_ld3kqAXx5EvhXbAiVQsFXMbEvwIwLYYHxcVh3DrFzKGthviXVaojv7aS-8
The Heavy Heavy	https://photos.redhat-bootlegs.net/share/gF2DR6JKCG4eT3uIQRUNtSC4Zv5_n5u4t5QX5PN32e_WPvF1B3xKOL8rYTPp0LO44fI
Tierinii Jackson	https://photos.redhat-bootlegs.net/share/zm2ntxINjS_qT9vKAQ21hHY6N7FZQajL7MA0WpLwUX9YBWlmVjpUJKCe02BhZ45X0nw
Tikyra Jackson	https://photos.redhat-bootlegs.net/share/tMtBZ0ZDB4JOEQc-UR7UntGaFgptl1qYIkpTkeOBOn84wpA6zD92Cz6o-C24rzYyMb0
Tommy Castro & the Painkillers	https://photos.redhat-bootlegs.net/share/m9S6dyW9M-3qbzz93rongnQEW2p06cXjYnFakNkDQZS10IfqYFwd6RlLOkFZp5TNers
Trevor Lewington	https://photos.redhat-bootlegs.net/share/ufZISNP8d1BhXLteh_IYq-I4QK9jOW3xzD5OGH5hIg-O_lFYa07b2l5yK9XrBLxQ5UI
Trombone Shorty & Orleans Avenue	https://photos.redhat-bootlegs.net/share/PejYA1Xc3iCQ4hnPv9CRg43IejTywA7V_UBxabNj1h6UObPV5grApQrF0HQDCxVVLvw
Victor Wooten	https://photos.redhat-bootlegs.net/share/3GRHRPNZlBNC6b4llh3wL8qHR1gffClM4ol-AUwEoeIvDFtKZZ1VPYBo8O8XmWsgADU
Yasmin Williams	https://photos.redhat-bootlegs.net/share/SeDKJxriBSgdmpiZmgkQd90mIOs5wTeP3tCMu6e4_UxluzMI_7SxciukC2lY8WmJXDE
Zach Williams	https://photos.redhat-bootlegs.net/share/wd30EqSNr9bhryRaCqn8TwWZpr2zmwbJVZ5HiHZLQ5Fl4sgRP-u0rIPMsuAsjFo_RP0
Whitney Mongé	https://photos.redhat-bootlegs.net/share/k-5FzwKhwmt5gxV7ysSW2aXksGgqqmOAk0wChOSgpbOQqiLTMh_WFzf2Pqv9ZN2n6KM
John Primer	https://photos.redhat-bootlegs.net/share/2Ic_E60m8e1O6hBoOXZS2bDX9aESRMCVwbtz0UvttXrhE3BE4vJX9K40x8odB8lgWXw
Steve Bell	https://photos.redhat-bootlegs.net/share/bzgmVr7fpWphHhamJLWJUhtDlwyyDv3jWejVxAr-oy0419Mudy42XKt0v6iRQ9BAlOs
Kent Burnside	https://photos.redhat-bootlegs.net/share/QKObPsci6trnpGB2fapFqsYaCF5wwbSnMA6sVLPs5jBlfPJaeTzWmo1c6vlFnk33-fw
