Check	Input	Expect	Notes
canonical	Ally Venable Band	Ally Venable	eponymous act: the person's name wins
canonical	Ally Venable	Ally Venable	one identity across both billings
canonical	The Jesse Williams Band	Jesse Williams	eponymous act, band-only record with a plain-name signer
canonical	Oliver Wood	Oliver Wood	fronts The Wood Brothers but is a separate act
canonical	The Wood Brothers	The Wood Brothers	never folded into Oliver Wood
distinct	Oliver Wood	The Wood Brothers	related_acts.tsv 'fronts' is kinship, not identity
canonical	Nick Lowe	Nick Lowe & Los Straitjackets	derived default: no appearance of his own
canonical	James Hunter	The James Hunter Six	derived default, prefix form
canonical	JJ Grey	JJ Grey & Mofro	derived default, leading component
canonical	Danielle Nicole Band	Danielle Nicole	trailing-Band rule
canonical	Robert Randolph Band	Robert Randolph	trailing-Band rule
canonical	Winston Mitchell	Larry Keel Duo	member-of
canonical	Gillian Welch & David Rawlings	Gillian Welch	same-as
canonical	Allman Betts Family Revival: A Decade of Revival	The Allman Betts Band	same-as, event name
canonical	Daniel Donato's Cosmic Country	Daniel Donato	alias row
canonical	Victor Wooten & The Wooten Brothers	Victor Wooten	alias row
canonical	John Primer & The Real Deal Blues Band	John Primer	alias row
canonical	The Wooten Brothers	The Wooten Brothers	a trailing bill component is never folded
canonical	Devon Allman	Devon Allman	has appearances of his own
canonical	Devon Allman Project	Devon Allman Project	empty extension record: mirror direction is not a default
canonical	Sue Foley & GA-20	Sue Foley & GA-20	collaboration billing stays its own act
canonical	Samantha Fish & Jesse Dayton	Samantha Fish & Jesse Dayton	co-bill billing keeps its own record
canonical	Tab Benoit & Anders Osborne	Tab Benoit & Anders Osborne	co-bill billing keeps its own record
canonical	Anders Osborne	Anders Osborne	annotated principal counts as his own appearance
distinct	Eric Johanson	Eric Johnson	different guitarists, one letter apart
canonical	Eric Johansen	Eric Johanson	alias row: misspelling
canonical	Lone Bellow, The	The Lone Bellow	inverted article
credit	2023-12-05|The Allman Betts Band	Ally Venable:guest;Ghalia Volt:guest;Jimmy Hall:guest;Tal Wilkenfeld:guest	sit-ins
credit	2023-06-11|Samantha Fish & Jesse Dayton	Jesse Dayton:principal;Samantha Fish:principal	joint set in the support column
credit	2023-12-03|Samantha Fish & Jesse Dayton	Jesse Dayton:principal;Samantha Fish:principal	joint set, headline
credit	2024-07-18|Tab Benoit & Anders Osborne	Anders Osborne:principal;Tab Benoit:principal	joint set
credit	2025-01-22|Langhorne Slim	Langhorne Slim:principal;Oliver Wood:principal	alternating; ledger has Oliver as support
credit	2025-06-08|TajMo: The Taj Mahal & Keb' Mo' Band	Keb' Mo':principal;Taj Mahal:principal	joint set
credit	2026-05-30|SatchVai Band	Joe Satriani:principal;Steve Vai:principal	alternating under an invented name
credit	2026-08-08|Anna Moss	Anna Moss:principal;Sabine McCalla:principal	separate sets, cross-membership
credit	2023-07-09|Nick Lowe & Los Straitjackets	-	combined band: identity handles it, no annotation
