source_row	google_link	google_desc	immich_candidates	immich_desc	match_id	immich_link	confidence	signals	notes
artist-photos.tsv:Live show VIP experience in the time of  ; history/2021.tsv:2021-10-16 Larkin Poe	https://photos.google.com/share/AF1QipNwu1KEAQX-fJ_ma6C1TQ3T-MPdYb7eTx1wV00haRe585P7y25_vSDFruIsMhFpHA/photo/AF1QipOmIusKibvQam_6dsFcyanAiP7EqcWL_UOTgz6R?key=cWhvRnlpQXdoaG52aTFwTjQ5LUNGMFBTeGk3Z2Zn	Live show VIP experience in the time of COVID. Such sweet sisters, making great sounds together. 10/16/2021 at The Recher. I am a big Larkin Poe fanboy... / Larkin Poe at The Recher, Towson, MD, USA	a95cdfa2-b16c-419e-997d-c327a4cea6f8		a95cdfa2-b16c-419e-997d-c327a4cea6f8	https://photos.redhat-bootlegs.net/share/dNiprahYJTh07RQVRlvQeI6cRu9cVpICWFvUVQdkScKdXodR72fz9k6Mjq9DWH-zSmk	3	date:2021-10-16|caption:2021-10-16	
artist-photos.tsv:oh nothing. just me and then-22-year-old ; history/2021.tsv:2021-11-18 Christone 'Kingfish' Ingram	https://photos.google.com/share/AF1QipNwu1KEAQX-fJ_ma6C1TQ3T-MPdYb7eTx1wV00haRe585P7y25_vSDFruIsMhFpHA/photo/AF1QipMN2e9yG2i2Iu5raT9DDzQCzz3TLn1E-_G4sdm2?key=cWhvRnlpQXdoaG52aTFwTjQ5LUNGMFBTeGk3Z2Zn	oh nothing. just me and then-22-year-old, now Grammy-winning Best Contemporary Blues Album artist Kingfish Ingram. The dude can flat out guitar... | November 18, 2021 at Sixth & I Synagogue / Christone 'Kingfish' Ingram at Sixth & I Historic Synagogue, Washington, DC, USA	7e14c4e1-e05d-4ad4-af9a-2ef7a143a200		7e14c4e1-e05d-4ad4-af9a-2ef7a143a200	https://photos.redhat-bootlegs.net/share/OeMjBioil-DVm7F6I1hr3s8paLldsyyJJWGMy2rcqv7d6DPJyk_a9a49Vy18n4rWEJ0	3		
artist-photos.tsv:Ana Popovic @ Pearl Street Warehose 2022 ; history/2022.tsv:2022-12-14 Ana Popović	https://photos.google.com/share/AF1QipNwu1KEAQX-fJ_ma6C1TQ3T-MPdYb7eTx1wV00haRe585P7y25_vSDFruIsMhFpHA/photo/AF1QipMm2ZueNI2o0LLMJYsUEZfTlUuAQanesuKlOcph?key=cWhvRnlpQXdoaG52aTFwTjQ5LUNGMFBTeGk3Z2Zn	Ana Popovic @ Pearl Street Warehose 2022-12-14 / Ana Popović at Pearl Street Warehouse, Washington, DC, USA	84d086d5-03f8-425a-8f30-785bf82f33eb		84d086d5-03f8-425a-8f30-785bf82f33eb	https://photos.redhat-bootlegs.net/share/a2qtiyEBWz5qv4YOAuShnZ_w27XHiMzrLBH8M6yu6c67o4XIV9RGBpg5SVF-5WAnLFo	3	caption:2022-12-14	
artist-photos.tsv:Live music binge  - this time I got a ph ; history/2023.tsv:2023-03-09 Larkin Poe	https://photos.google.com/share/AF1QipNwu1KEAQX-fJ_ma6C1TQ3T-MPdYb7eTx1wV00haRe585P7y25_vSDFruIsMhFpHA/photo/AF1QipNTILxPZR8qR-ZDXqCPQLiraXzcwcFzDfomXOLe?key=cWhvRnlpQXdoaG52aTFwTjQ5LUNGMFBTeGk3Z2Zn	Live music binge  - this time I got a photo with the band Larkin Poe at 9:30 Club 03/09/2023 / Larkin Poe at 9:30 Club, Washington, DC, USA	f3a39061-a475-4292-8a4b-4357d1c087f5		f3a39061-a475-4292-8a4b-4357d1c087f5	https://photos.redhat-bootlegs.net/share/wVeFUGV3dU_X0_yC-HmgLZiCh_gDHKl1wlfEND1TkOOALYbjSjCY565tu0_jjro8lmw	3	date:2023-03-09|caption:2023-03-09	
artist-photos.tsv:Ally Venable at Rams Head On Stage 6/28/ ; history/2023.tsv:2023-06-28 Ally Venable Band	https://photos.google.com/share/AF1QipNwu1KEAQX-fJ_ma6C1TQ3T-MPdYb7eTx1wV00haRe585P7y25_vSDFruIsMhFpHA/photo/AF1QipMjDkGL5VWY7Z-yi2UNwwOdBBdh2kQHU7u-Kh0z?key=cWhvRnlpQXdoaG52aTFwTjQ5LUNGMFBTeGk3Z2Zn	Ally Venable at Rams Head On Stage 6/28/23 / Ally Venable Band at Rams Head On Stage, Annapolis, MD, USA	d9c23dfc-87c8-4621-be2e-01db74bda9a7		d9c23dfc-87c8-4621-be2e-01db74bda9a7	https://photos.redhat-bootlegs.net/share/SAfE0D6Xc5Jgx1x7ijmDwF_BHGWitm1mUt1u6dq_HmHKOiygflq7dJZ6Z6CbGUTl1-w	3	caption:2023-06-28	
artist-photos.tsv:Ana Popović at Hamilton Live 7/28/23 ; history/2023.tsv:2023-07-27 Ana Popović	https://photos.google.com/share/AF1QipNwu1KEAQX-fJ_ma6C1TQ3T-MPdYb7eTx1wV00haRe585P7y25_vSDFruIsMhFpHA/photo/AF1QipPvRHbZ9fV3XpOafkLCpwwSHio-Tt48p3-ndS00?key=cWhvRnlpQXdoaG52aTFwTjQ5LUNGMFBTeGk3Z2Zn	Ana Popović at Hamilton Live 7/28/23 / Ana Popović at The Hamilton Live, Washington, DC, USA	e0374e48-3c66-4ad0-a374-5b04dfadd960		e0374e48-3c66-4ad0-a374-5b04dfadd960	https://photos.redhat-bootlegs.net/share/FfGUyzhffsIUyzz8u1cychRtmZGU6rjY5aRukhxZpxhAFSppftI0n9MuS514Dntpo-0	3	caption:2023-07-28|face	
artist-photos.tsv:Eric Gales at Hamilton Live 5/17/23 ; history/2023.tsv:2023-05-17 Eric Gales	https://photos.google.com/share/AF1QipNwu1KEAQX-fJ_ma6C1TQ3T-MPdYb7eTx1wV00haRe585P7y25_vSDFruIsMhFpHA/photo/AF1QipOA9IzWgkg0kACtD3BvO44XBGISSd07V_AzKHMp?key=cWhvRnlpQXdoaG52aTFwTjQ5LUNGMFBTeGk3Z2Zn	Eric Gales at Hamilton Live 5/17/23 / Eric Gales at The Hamilton Live, Washington, DC, USA	2ad1f97e-6850-4629-b13d-df8da46b75ac		2ad1f97e-6850-4629-b13d-df8da46b75ac	https://photos.redhat-bootlegs.net/share/nZ-NSgZtlbzWmkqfQO1UT29LEq2lLlxAGACpaLu-y53q99mP1iabQaXasaMzNb08g-U	3	caption:2023-05-17	
artist-photos.tsv:Bob Alcorn of Malibu Wanderers (now Wild	https://photos.google.com/share/AF1QipNwu1KEAQX-fJ_ma6C1TQ3T-MPdYb7eTx1wV00haRe585P7y25_vSDFruIsMhFpHA/photo/AF1QipPgvN1EJILTZ666aRjDL-wdR2RF19sJKqZ_900i?key=cWhvRnlpQXdoaG52aTFwTjQ5LUNGMFBTeGk3Z2Zn	Bob Alcorn of Malibu Wanderers (now Wildflower Dreams)  | at Celtic House 8/4/23	8eb06d34-ec08-43ba-9b3d-b785fb65d96b		8eb06d34-ec08-43ba-9b3d-b785fb65d96b	https://photos.redhat-bootlegs.net/share/BUwNoqMG3PdxUqYr4K6X9HQKS0jn4rwPw0DbGUgUscGWUQdG-m9RQ2xTG6yVD7cNmZs	3	caption:2023-08-04	
artist-photos.tsv:King Solomon Hicks - opening for Jimmy V ; history/2023.tsv:2023-08-18 Jimmie Vaughan	https://photos.google.com/share/AF1QipNwu1KEAQX-fJ_ma6C1TQ3T-MPdYb7eTx1wV00haRe585P7y25_vSDFruIsMhFpHA/photo/AF1QipMeYCKGb-Fn5H3ocF44ELflVWGorLgAan61LHOD?key=cWhvRnlpQXdoaG52aTFwTjQ5LUNGMFBTeGk3Z2Zn	King Solomon Hicks - opening for Jimmy Vaughan at State Theatre, Falls Church / Jimmie Vaughan at The State Theatre, Falls Church, VA, USA	f2f05843-e0db-4994-8e1d-f712c76fa5af		f2f05843-e0db-4994-8e1d-f712c76fa5af	https://photos.redhat-bootlegs.net/share/71ExWIfjhxfUN_GIkkD9sgMe_bXplKXdEcHF9JuOm1NpAaJoGt54qIgpGf7B5z7iN08	3		
artist-photos.tsv:ZZ Ward @ 9:30 Club 9/8/23 ; history/2023.tsv:2023-09-08 ZZ Ward	https://photos.google.com/share/AF1QipNwu1KEAQX-fJ_ma6C1TQ3T-MPdYb7eTx1wV00haRe585P7y25_vSDFruIsMhFpHA/photo/AF1QipPyfCTY-IJJyASz8Q9AS-9vmX4e_FRlzNFEIPwl?key=cWhvRnlpQXdoaG52aTFwTjQ5LUNGMFBTeGk3Z2Zn	ZZ Ward @ 9:30 Club 9/8/23 / ZZ Ward at 9:30 Club, Washington, DC, USA	f8a8f081-fbb7-4ac6-9774-f510d0a8315c		f8a8f081-fbb7-4ac6-9774-f510d0a8315c	https://photos.redhat-bootlegs.net/share/xNKGwrtwcdoQg_XF-pO7c2aluknncXDQ6WtdsluEJ5Ioms8VoWbysHYsUmyb1sPTsvc	3	date:2023-09-08|face:date	
artist-photos.tsv:Sonny Landreth @ Hamilton Live 9/13/23	https://photos.google.com/share/AF1QipNwu1KEAQX-fJ_ma6C1TQ3T-MPdYb7eTx1wV00haRe585P7y25_vSDFruIsMhFpHA/photo/AF1QipN_i2eT6e_fE92HurEry5HtYuYKVtYQMCCYg5M4?key=cWhvRnlpQXdoaG52aTFwTjQ5LUNGMFBTeGk3Z2Zn	Sonny Landreth @ Hamilton Live 9/13/23	9ed4b563-da3d-462d-b505-2219d8c90331		9ed4b563-da3d-462d-b505-2219d8c90331	https://photos.redhat-bootlegs.net/share/0oUbCeWbwKQ8XVQhJKjql1wDSmoqG8T0hZBLvirru4xBi-iL7ht4lFONtUK9f_v9-0Q	3	caption:2023-09-13	
artist-photos.tsv:Adia Victoria 9/27/23 Clarice Smith Perf ; history/2023.tsv:2023-09-27 Rhiannon Giddens	https://photos.google.com/share/AF1QipNwu1KEAQX-fJ_ma6C1TQ3T-MPdYb7eTx1wV00haRe585P7y25_vSDFruIsMhFpHA/photo/AF1QipNkjamoVNB6r3gdttJXrjVj4pUT6YRmKi6kVFBg?key=cWhvRnlpQXdoaG52aTFwTjQ5LUNGMFBTeGk3Z2Zn	Adia Victoria 9/27/23 Clarice Smith Performing Arts Center, U-Maryland / Rhiannon Giddens at The Clarice Smith Performing Arts Center, College Park, MD, USA	a87bea76-830a-45aa-9d68-2df6541e7bf6		a87bea76-830a-45aa-9d68-2df6541e7bf6	https://photos.redhat-bootlegs.net/share/wFMv2bI6V0ewxRz4tkk6MRXMFTQ-EVqvnJMAmcYIO71nKVg6ALoDyfRa0NPgz3QRmW8	3	caption:2023-09-27	
artist-photos.tsv:Victor Wooten 10/5/23 @ Fillmore at Silv ; history/2023.tsv:2023-10-05 Victor Wooten	https://photos.google.com/share/AF1QipNwu1KEAQX-fJ_ma6C1TQ3T-MPdYb7eTx1wV00haRe585P7y25_vSDFruIsMhFpHA/photo/AF1QipNL2aq_mApSizW5BeQw-TThX1F318zqRSoIq51h?key=cWhvRnlpQXdoaG52aTFwTjQ5LUNGMFBTeGk3Z2Zn	Victor Wooten 10/5/23 @ Fillmore at Silver Spring / Victor Wooten at The Fillmore Silver Spring, Silver Spring, MD, USA	981c0481-fd70-4d35-9271-5fe99bfc2a46		981c0481-fd70-4d35-9271-5fe99bfc2a46	https://photos.redhat-bootlegs.net/share/R9gl6Fv_PkjmcLylRE0FC0RKewqGKhhhVUHS2JQCj2ohutXVNnlRRnpjiyDIiCCTRAE	3	caption:2023-10-05	
artist-photos.tsv:Vanessa Collier @ Strathmore AMP 10/8/23 ; history/2023.tsv:2023-10-08 Vanessa Collier	https://photos.google.com/share/AF1QipNwu1KEAQX-fJ_ma6C1TQ3T-MPdYb7eTx1wV00haRe585P7y25_vSDFruIsMhFpHA/photo/AF1QipMJO8a6tB6wyNcJqrfsNfODcbqr3GaKyBT6BEz3?key=cWhvRnlpQXdoaG52aTFwTjQ5LUNGMFBTeGk3Z2Zn	Vanessa Collier @ Strathmore AMP 10/8/23 / Vanessa Collier at AMP by Strathmore, North Bethesda, MD, USA	d68c2f62-7834-4ea2-b97a-2eff2257a773		d68c2f62-7834-4ea2-b97a-2eff2257a773	https://photos.redhat-bootlegs.net/share/tJizpmR1Gijbv_62keeQaHZ7X1kKLDH6WdwFqzAoQjrru4xWF7IUrM8GSF9dwKeT9pM	3	caption:2023-10-08	
artist-photos.tsv:Daniel Donato at Pearl Street Warehouse  ; history/2023.tsv:2023-10-13 Daniel Donato	https://photos.google.com/share/AF1QipNwu1KEAQX-fJ_ma6C1TQ3T-MPdYb7eTx1wV00haRe585P7y25_vSDFruIsMhFpHA/photo/AF1QipMX2F7NSi2-aYYCgSrCKdpT3t_RegYE7EpPvycK?key=cWhvRnlpQXdoaG52aTFwTjQ5LUNGMFBTeGk3Z2Zn	Daniel Donato at Pearl Street Warehouse 10/13/23 / Daniel Donato at Pearl Street Warehouse, Washington, DC, USA	90a3218b-4521-4225-a3fe-e50a8394d455		90a3218b-4521-4225-a3fe-e50a8394d455	https://photos.redhat-bootlegs.net/share/M_LlwYWRH6Qp0siWKGHkfYFnIgMY-CnUDr6uEHuQXEyYS6lI7PPPVBEVxEkPKG8O2xE	3	caption:2023-10-13	
artist-photos.tsv:Albert Cummings, Jammin Java 10/26/23 ; history/2023.tsv:2023-10-27 Albert Cummings	https://photos.google.com/share/AF1QipNwu1KEAQX-fJ_ma6C1TQ3T-MPdYb7eTx1wV00haRe585P7y25_vSDFruIsMhFpHA/photo/AF1QipMEu9ZGcvaBOq0ZLw_pFNvv6xhJPMX6bGaEOz-y?key=cWhvRnlpQXdoaG52aTFwTjQ5LUNGMFBTeGk3Z2Zn	Albert Cummings, Jammin Java 10/26/23 / Albert Cummings at Jammin' Java, Vienna, VA, USA	e8d2c8da-ee37-4312-9cf9-3126f94dca50		e8d2c8da-ee37-4312-9cf9-3126f94dca50	https://photos.redhat-bootlegs.net/share/wHbNGYFFFxzhPPpuklgIlypWv0SR9PT8O00TpipDcWcYVrjF77kKha617iU9pyJ2a-o	3	date:2023-10-27|face:date	
artist-photos.tsv:Laura Rogers and Lydia Slagle of Secret  ; history/2023.tsv:2023-10-22 The Secret Sisters	https://photos.google.com/share/AF1QipNwu1KEAQX-fJ_ma6C1TQ3T-MPdYb7eTx1wV00haRe585P7y25_vSDFruIsMhFpHA/photo/AF1QipOPpsTRnj79Wx3qziPx2dKG2NPhoypEAxb118lQ?key=cWhvRnlpQXdoaG52aTFwTjQ5LUNGMFBTeGk3Z2Zn	Laura Rogers and Lydia Slagle of Secret Sisters @ Birchmere 10/22/23 / The Secret Sisters at The Birchmere, Alexandria, VA, USA	41c37a96-f857-4db8-ab49-f7ba0706ac54		41c37a96-f857-4db8-ab49-f7ba0706ac54	https://photos.redhat-bootlegs.net/share/eObOvPY8X_k9Z6wMqOHHj81WhT1PgQ8AVDlbsYFbSfPDTJEmqVTYY-zAlLThpUamvKg	3	caption:2023-10-22	
artist-photos.tsv:Ok, no guitarist in this photo. This ver ; history/2023.tsv:2023-03-05 Lucky Chops	https://photos.google.com/share/AF1QipNwu1KEAQX-fJ_ma6C1TQ3T-MPdYb7eTx1wV00haRe585P7y25_vSDFruIsMhFpHA/photo/AF1QipPqIVvhElYX05cEIgNWQGzpIsD0cHJhmZ2lGqgP?key=cWhvRnlpQXdoaG52aTFwTjQ5LUNGMFBTeGk3Z2Zn	Ok, no guitarist in this photo. This very blue-lit band is Lucky Chops @ Union Stage 3/5/23 (l to r) Drummer, Trombone, Trumpet, me, Sousaphone, Bari Sax, Tenor Sax / Lucky Chops at Union Stage, Washington, DC, USA	d1e0f9fd-b5cb-4e39-8704-b1ba71c36198		d1e0f9fd-b5cb-4e39-8704-b1ba71c36198	https://photos.redhat-bootlegs.net/share/XVj7T6DWxJnZH5TurNaokRzkLR1wX3SD4B3YFSV-P8drmKUVTPfiS35f-A5_adk0n4Q	3	caption:2023-03-05	
artist-photos.tsv:Brian Elmquist, Zach Williams and Kanene ; history/2023.tsv:2023-11-26 The Lone Bellow	https://photos.google.com/share/AF1QipNwu1KEAQX-fJ_ma6C1TQ3T-MPdYb7eTx1wV00haRe585P7y25_vSDFruIsMhFpHA/photo/AF1QipOw7qsvfBZylIivyo4crOTiya5FzU-99A9X8nAF?key=cWhvRnlpQXdoaG52aTFwTjQ5LUNGMFBTeGk3Z2Zn	Brian Elmquist, Zach Williams and Kanene Donehey Pipkin of Lone Bellow. The Barns at Wolf Trap 11/26/23 / The Lone Bellow at Wolf Trap Farm Park (The Barns), Vienna, VA, USA	6bb91dba-9bea-44be-9317-8a0a03097d5c		6bb91dba-9bea-44be-9317-8a0a03097d5c	https://photos.redhat-bootlegs.net/share/mAlxaSeryd5bth2TOUfmYPClTiFuINTIEx_KyAvrnXUBfAV0NyC1r5cfflC6IoRtoVA	3	date:2023-11-26|caption:2023-11-26	
artist-photos.tsv:Eric Johanson @ The Fillmore Silver Spri	https://photos.google.com/share/AF1QipNwu1KEAQX-fJ_ma6C1TQ3T-MPdYb7eTx1wV00haRe585P7y25_vSDFruIsMhFpHA/photo/AF1QipOS4wUE4Nh9HyW3ELmyZlFm5s6qpkduVm0NlQTV?key=cWhvRnlpQXdoaG52aTFwTjQ5LUNGMFBTeGk3Z2Zn	Eric Johanson @ The Fillmore Silver Spring 12/3/23	92213918-cafb-4d61-9dc2-8dce16e0751a		92213918-cafb-4d61-9dc2-8dce16e0751a	https://photos.redhat-bootlegs.net/share/fgFypL6u4Tm3jGlfe0MwdAvmbknc05O4BMe5IHfwGJ-VFQl8o7E7wC-Y2qHY_bw65kY	3	caption:2023-12-03	
artist-photos.tsv:Samantha Fish + Jesse Dayton @ The Fillm	https://photos.google.com/share/AF1QipNwu1KEAQX-fJ_ma6C1TQ3T-MPdYb7eTx1wV00haRe585P7y25_vSDFruIsMhFpHA/photo/AF1QipNQfOMsL3jVvNfQBbyJBmQZfVYr-j2_J_9fRzz0?key=cWhvRnlpQXdoaG52aTFwTjQ5LUNGMFBTeGk3Z2Zn	Samantha Fish + Jesse Dayton @ The Fillmore Silver Spring 12/3/23	f2fca827-faf3-4b77-bd35-0c9c166db96f		f2fca827-faf3-4b77-bd35-0c9c166db96f	https://photos.redhat-bootlegs.net/share/vJ7Fy1wGfZkKYPf6csUajZuVFRhsgghU6BtKSWR2Of5DGF3zV0AvCmEcvReaWGj8PM4	3	caption:2023-12-03	
artist-photos.tsv:Allison Russell. Yes I'm wearing the tou ; history/2023.tsv:2023-12-10 Allison Russell	https://photos.google.com/share/AF1QipNwu1KEAQX-fJ_ma6C1TQ3T-MPdYb7eTx1wV00haRe585P7y25_vSDFruIsMhFpHA/photo/AF1QipOjGnlPjoh04agzYEJDUfabEjdZd_n129QxeuTP?key=cWhvRnlpQXdoaG52aTFwTjQ5LUNGMFBTeGk3Z2Zn	Allison Russell. Yes I'm wearing the tour shirt I just purchased. Birchmere 12/10/23 / Allison Russell at The Birchmere, Alexandria, VA, USA	16eb2534-1ad2-452a-b0af-cf1e0c7f13d7		16eb2534-1ad2-452a-b0af-cf1e0c7f13d7	https://photos.redhat-bootlegs.net/share/StY2eL_CDBNmyPAuCd43PUMy4KghneG9ZQRLPRYiNZ4caoXAhG5t3ER0VmZ07mJZlQk	3	caption:2023-12-10	
artist-photos.tsv:Eric Gales, round 2 @ Hamilton Live DC 2	https://photos.google.com/share/AF1QipNwu1KEAQX-fJ_ma6C1TQ3T-MPdYb7eTx1wV00haRe585P7y25_vSDFruIsMhFpHA/photo/AF1QipPRRDenIyNwRM1oDi_kga2BXVdJZZkygrM0su-W?key=cWhvRnlpQXdoaG52aTFwTjQ5LUNGMFBTeGk3Z2Zn	Eric Gales, round 2 @ Hamilton Live DC 2/20/24	7adb9bf6-a605-4d0d-a57e-4e064a4416da		7adb9bf6-a605-4d0d-a57e-4e064a4416da	https://photos.redhat-bootlegs.net/share/vMxMBU-eDnzFQdVEyD-PZb25Fq6UCvKyLLaEzznIlG5XiQMKfSM5bgIPczbNOD8LhOo	3	caption:2024-02-20	
artist-photos.tsv:Artur Menezes @ Hamilton Live DC 2/20/24	https://photos.google.com/share/AF1QipNwu1KEAQX-fJ_ma6C1TQ3T-MPdYb7eTx1wV00haRe585P7y25_vSDFruIsMhFpHA/photo/AF1QipMvT4D2bRXPkMyBZfn5KXS_00xKL4zlnZwDIYDv?key=cWhvRnlpQXdoaG52aTFwTjQ5LUNGMFBTeGk3Z2Zn	Artur Menezes @ Hamilton Live DC 2/20/24 supporting Eric Gales	daf4951d-6fc4-4f48-95ac-7f9e3ef899c9		daf4951d-6fc4-4f48-95ac-7f9e3ef899c9	https://photos.redhat-bootlegs.net/share/rZu5s6lCL5_JAeRJbE9W2Y9JhAdjszk2na9PyU0htm-ngKez4db8ZR5qyZUvTxgna_A	3	caption:2024-02-20	
artist-photos.tsv:Selwyn Birchwood. Collective Encore 2/25 ; history/2024.tsv:2024-02-25 Selwyn Birchwood	https://photos.google.com/share/AF1QipNwu1KEAQX-fJ_ma6C1TQ3T-MPdYb7eTx1wV00haRe585P7y25_vSDFruIsMhFpHA/photo/AF1QipMMVVjK76QaAxnXBdciBAx1QlUmeUQydPKlpw_C?key=cWhvRnlpQXdoaG52aTFwTjQ5LUNGMFBTeGk3Z2Zn	Selwyn Birchwood. Collective Encore 2/25/24 / Selwyn Birchwood at The Collective Encore, Columbia, MD, USA	eeb058d3-8117-4153-a1be-2cfe39203bc2		eeb058d3-8117-4153-a1be-2cfe39203bc2	https://photos.redhat-bootlegs.net/share/P12zbR6kgbD-s9ODfjgQUuMAW6z9O23mfI36eq3pQh1JAJ2aW8GHhbncXKfCN3kZVmU	3	caption:2024-02-25	
artist-photos.tsv:Danielle Nicole @ Hamilton Live 4/12/24 ; history/2024.tsv:2024-04-12 Danielle Nicole	https://photos.google.com/share/AF1QipNwu1KEAQX-fJ_ma6C1TQ3T-MPdYb7eTx1wV00haRe585P7y25_vSDFruIsMhFpHA/photo/AF1QipMpS6v7mxImoY-1e64m7ffplgbU-3A6qxJVY1ku?key=cWhvRnlpQXdoaG52aTFwTjQ5LUNGMFBTeGk3Z2Zn	Danielle Nicole @ Hamilton Live 4/12/24 / Danielle Nicole at The Hamilton Live, Washington, DC, USA	5a55c1f0-1cba-4331-8287-8a35d98c4ca6		5a55c1f0-1cba-4331-8287-8a35d98c4ca6	https://photos.redhat-bootlegs.net/share/b95X24U2axINFuSQG9oDpIsTZ3wkpiEQdnEQN7rwvHizhHf_npb6Bc1Q4QOsM4IGN4Y	3	caption:2024-04-12	
artist-photos.tsv:Judith Hill @ Fillmore Silver Spring 4/1 ; history/2024.tsv:2024-04-13 JJ Grey & Mofro	https://photos.google.com/share/AF1QipNwu1KEAQX-fJ_ma6C1TQ3T-MPdYb7eTx1wV00haRe585P7y25_vSDFruIsMhFpHA/photo/AF1QipNDowZBTXmzQGxHlSp_x0eag71Tu1ZtTbx7eSDX?key=cWhvRnlpQXdoaG52aTFwTjQ5LUNGMFBTeGk3Z2Zn	Judith Hill @ Fillmore Silver Spring 4/13/24 / JJ Grey & Mofro at The Fillmore Silver Spring, Silver Spring, MD, USA	d8145cdf-3b5c-4b52-9a3a-a8de6f223d80		d8145cdf-3b5c-4b52-9a3a-a8de6f223d80	https://photos.redhat-bootlegs.net/share/ZSyY82hikqiUGo5_VgEVc57Xxe-LAFZW-m3UGkSWAHp_xRgbyWRWF7qjysiDfLAEhQ8	3	date:2024-04-13|caption:2024-04-13	
artist-photos.tsv:Vanessa Collier @ Collective Encore 4/19 ; history/2024.tsv:2024-04-19 Vanessa Collier	https://photos.google.com/share/AF1QipNwu1KEAQX-fJ_ma6C1TQ3T-MPdYb7eTx1wV00haRe585P7y25_vSDFruIsMhFpHA/photo/AF1QipNFUDXw5Va_y5UrBV_8DtkPCAxN9RgJSqZvy9Fn?key=cWhvRnlpQXdoaG52aTFwTjQ5LUNGMFBTeGk3Z2Zn	Vanessa Collier @ Collective Encore 4/19/24 - her long-time birthday venue when it was called the Soundry / Vanessa Collier at The Collective Encore, Columbia, MD, USA	dd0d470e-6c3d-4c62-bff5-ee759909192a		dd0d470e-6c3d-4c62-bff5-ee759909192a	https://photos.redhat-bootlegs.net/share/Z2djHj6QwX2VK7WvWJC2hzF1LIeDrBwwSClk5FlFUDgfpuMOZY84PketOen8XV-0_qw	3	caption:2024-04-19	
artist-photos.tsv:Joe Cabral, bajo sexto and saxophone pla	https://photos.google.com/share/AF1QipNwu1KEAQX-fJ_ma6C1TQ3T-MPdYb7eTx1wV00haRe585P7y25_vSDFruIsMhFpHA/photo/AF1QipNnUXarw91vxgW0fTyd9PtZYKt7ZTN3U8Gfiyrg?key=cWhvRnlpQXdoaG52aTFwTjQ5LUNGMFBTeGk3Z2Zn	Joe Cabral, bajo sexto and saxophone player for The Iguanas - Hamilton Live, 5/16/24	b1c3b4c4-9325-423a-9d89-43f44fdc7c72		b1c3b4c4-9325-423a-9d89-43f44fdc7c72	https://photos.redhat-bootlegs.net/share/1u1uORExrWbvKpqyw7SwtVI2pxU3HF9bhg7Qf-4TA8iispoq1KaYf-_nyIxbpVDpvKU	3	caption:2024-05-16	
artist-photos.tsv:Sonny Landreth - Hamilton Live 5/16/24	https://photos.google.com/share/AF1QipNwu1KEAQX-fJ_ma6C1TQ3T-MPdYb7eTx1wV00haRe585P7y25_vSDFruIsMhFpHA/photo/AF1QipOpyv-ct9MwYJ3VLC-J38qc0zSQa2NlhCTqk0KG?key=cWhvRnlpQXdoaG52aTFwTjQ5LUNGMFBTeGk3Z2Zn	Sonny Landreth - Hamilton Live 5/16/24	462c91b0-378e-4324-81c4-a1b458401144		462c91b0-378e-4324-81c4-a1b458401144	https://photos.redhat-bootlegs.net/share/CHC5_BZdnApmOz59nOwD5tPjSSVinWckNBFEd1WFFS1zlxTc7Nx2CeWS4lnze8tYDaA	3	caption:2024-05-16	
artist-photos.tsv:Jackie Venson @ Color Burst Park 6/6/24 ; history/2024.tsv:2024-06-06 Jackie Venson	https://photos.google.com/share/AF1QipNwu1KEAQX-fJ_ma6C1TQ3T-MPdYb7eTx1wV00haRe585P7y25_vSDFruIsMhFpHA/photo/AF1QipNsE8POTuye3YPms-sL1-QuGW1zUHtHT_5piYWc?key=cWhvRnlpQXdoaG52aTFwTjQ5LUNGMFBTeGk3Z2Zn	Jackie Venson @ Color Burst Park 6/6/24 / Jackie Venson at Color Burst Park, Columbia, MD, USA	7940d4c9-d340-46cc-998e-0f17560e1845		7940d4c9-d340-46cc-998e-0f17560e1845	https://photos.redhat-bootlegs.net/share/ATgdsUpiEVRs02jGmLUf22mITMDUmbc7E_vUwC3CdujAZT6U9zv6NJFEM0TyvhuFnmQ	3	caption:2024-06-06	
artist-photos.tsv:Shaw Davis @ Rams Head Live  6/16/24 ; history/2024.tsv:2024-06-16 Shaw Davis & The Black Ties	https://photos.google.com/share/AF1QipNwu1KEAQX-fJ_ma6C1TQ3T-MPdYb7eTx1wV00haRe585P7y25_vSDFruIsMhFpHA/photo/AF1QipPMHXR0v5ZYN__RQaKMxpu5kLxiH5D2eKDLqjc0?key=cWhvRnlpQXdoaG52aTFwTjQ5LUNGMFBTeGk3Z2Zn	Shaw Davis @ Rams Head Live  6/16/24 / Shaw Davis & The Black Ties at Rams Head On Stage, Annapolis, MD, USA	3af4a55d-0672-4890-b997-9ff3ddb71200		3af4a55d-0672-4890-b997-9ff3ddb71200	https://photos.redhat-bootlegs.net/share/sQW2E3O7GoFsHX2-9FNMFkfp-eOVEKY9rgtQKPdvuF2ECzr4GuHFzUGWX5JI90wDSxQ	3	caption:2024-06-16	
artist-photos.tsv:Buffalo Nichols @ Jammin' Java (VA) 6/21 ; history/2024.tsv:2024-06-21 Buffalo Nichols	https://photos.google.com/share/AF1QipNwu1KEAQX-fJ_ma6C1TQ3T-MPdYb7eTx1wV00haRe585P7y25_vSDFruIsMhFpHA/photo/AF1QipNAF3HKme3cOyAK__ZfeyhK0g7-UDriAgCWG3qx?key=cWhvRnlpQXdoaG52aTFwTjQ5LUNGMFBTeGk3Z2Zn	Buffalo Nichols @ Jammin' Java (VA) 6/21/24 / Buffalo Nichols at Jammin' Java, Vienna, VA, USA	16c7d610-ebdb-4920-94ba-1b01c8fa0e95		16c7d610-ebdb-4920-94ba-1b01c8fa0e95	https://photos.redhat-bootlegs.net/share/1fJWxfMMmOTnqW4bK3nAjA-_v1dYL2vql860F38RqYgypaObKtPr9u4G5ZCjFpapwB0	3	caption:2024-06-21	
artist-photos.tsv:Mikaela Davis (harpist) Pearl Street War ; history/2024.tsv:2024-06-25 Mikaela Davis	https://photos.google.com/share/AF1QipNwu1KEAQX-fJ_ma6C1TQ3T-MPdYb7eTx1wV00haRe585P7y25_vSDFruIsMhFpHA/photo/AF1QipML6kOgBnmP4A-grEM2Oj5ODJUb2dZ7Poz5uhwe?key=cWhvRnlpQXdoaG52aTFwTjQ5LUNGMFBTeGk3Z2Zn	Mikaela Davis (harpist) Pearl Street Warehouse 6/25/24 / Mikaela Davis at Pearl Street Warehouse, Washington, DC, USA	8fe3ffb6-bf97-45eb-b270-942d7d928b54		8fe3ffb6-bf97-45eb-b270-942d7d928b54	https://photos.redhat-bootlegs.net/share/OhLHszHCYhiqsItTuEOPloDWCfyfhl7ehuORL9bz6VLlztWwPny3ld7TrUDPeQ1QjIQ	3	caption:2024-06-25	
artist-photos.tsv:Mike Zito @ Birchmere 7/18 | (I was talk ; history/2024.tsv:2024-07-18 Tab Benoit & Anders Osborne 	https://photos.google.com/share/AF1QipNwu1KEAQX-fJ_ma6C1TQ3T-MPdYb7eTx1wV00haRe585P7y25_vSDFruIsMhFpHA/photo/AF1QipOz1C0Q7rlxRWUMe0zY1Mbca7LtuIMR-iG-B5fg?key=cWhvRnlpQXdoaG52aTFwTjQ5LUNGMFBTeGk3Z2Zn	Mike Zito @ Birchmere 7/18 | (I was talking instead of smiling, but also my face had just been melted off) / Tab Benoit & Anders Osborne  at The Birchmere, Alexandria, VA, USA	b2999553-1fbb-40e9-8ac3-e2917191da74		b2999553-1fbb-40e9-8ac3-e2917191da74	https://photos.redhat-bootlegs.net/share/vs27vG71Uy279SFv7pBRK78AlQ4Qu2p0zRqxOdlkAeG56DL0hpJEBu4T945rgx-q0EU	3		
artist-photos.tsv:Sue Foley @ Hamilton Live 8/23/24 ; history/2024.tsv:2024-08-23 Sue Foley	https://photos.google.com/share/AF1QipNwu1KEAQX-fJ_ma6C1TQ3T-MPdYb7eTx1wV00haRe585P7y25_vSDFruIsMhFpHA/photo/AF1QipOmDw1Noik-3ss6gsQTdf21Z2qFSnFATCi-wMaf?key=cWhvRnlpQXdoaG52aTFwTjQ5LUNGMFBTeGk3Z2Zn	Sue Foley @ Hamilton Live 8/23/24 / Sue Foley at The Hamilton Live, Washington, DC, USA	78b50a5f-625e-47c4-aa15-3c677734f32d		78b50a5f-625e-47c4-aa15-3c677734f32d	https://photos.redhat-bootlegs.net/share/RPJqy4m3i_HsUGeMqWGjxmgu6ndhZqDMWIbQalOK6d0-CpM9i9j_7ALZDLacLWMeIbo	3	caption:2024-08-23	
artist-photos.tsv:Vanessa Collier Rams Head Live On Stage, ; history/2024.tsv:2024-09-08 Vanessa Collier	https://photos.google.com/share/AF1QipNwu1KEAQX-fJ_ma6C1TQ3T-MPdYb7eTx1wV00haRe585P7y25_vSDFruIsMhFpHA/photo/AF1QipO19AHZ_ciaainoN6sOnodzcVpfm_PYfxOeLMye?key=cWhvRnlpQXdoaG52aTFwTjQ5LUNGMFBTeGk3Z2Zn	Vanessa Collier Rams Head Live On Stage, 9/8/24 / Vanessa Collier at Rams Head On Stage, Annapolis, MD, USA	77fdeaa8-3999-4dbf-8cbc-0ca27745ea3e		77fdeaa8-3999-4dbf-8cbc-0ca27745ea3e	https://photos.redhat-bootlegs.net/share/zQpQrrTAo0AcJEFDyIVnW6MXbjrj3y40g7U7Bdkd8EAxnFNwsbsb6gZBnyCY-HVAfZY	3	caption:2024-09-08	
artist-photos.tsv:Selwyn Birchwood @ The Vault at Capital  ; history/2024.tsv:2024-09-18 Selwyn Birchwood	https://photos.google.com/share/AF1QipNwu1KEAQX-fJ_ma6C1TQ3T-MPdYb7eTx1wV00haRe585P7y25_vSDFruIsMhFpHA/photo/AF1QipPJrWJ1fzxlVGK-rP5_RulOIivpQc7UKpCP9eJd?key=cWhvRnlpQXdoaG52aTFwTjQ5LUNGMFBTeGk3Z2Zn	Selwyn Birchwood @ The Vault at Capital One Hall 9/18 first time there for both of us! / Selwyn Birchwood at The Vault at Capital One Hall, Tysons Corner, VA, USA	24de19f0-9e2b-4904-98fe-37c42d25d6f2		24de19f0-9e2b-4904-98fe-37c42d25d6f2	https://photos.redhat-bootlegs.net/share/RNoJ8vNfLxlel7Iu4F8gc54U1ZszDZXRI7IxVbnvxosGzjPZZ_JFTuteJcjXbPLQFN8	3		
artist-photos.tsv:Valerie June @ Publick Playhouse 10/5/24 ; history/2024.tsv:2024-10-05 Valerie June	https://photos.google.com/share/AF1QipNwu1KEAQX-fJ_ma6C1TQ3T-MPdYb7eTx1wV00haRe585P7y25_vSDFruIsMhFpHA/photo/AF1QipO6igN8G9386gPPUrtjA9u_KmpOnzD4Bn_hYB0N?key=cWhvRnlpQXdoaG52aTFwTjQ5LUNGMFBTeGk3Z2Zn	Valerie June @ Publick Playhouse 10/5/24 / Valerie June at Publick Playhouse, Landover, MD, USA	580bfe79-9eda-4112-9b4b-922dc5807c44		580bfe79-9eda-4112-9b4b-922dc5807c44	https://photos.redhat-bootlegs.net/share/xgDSZ6DBv4jtjdyjOOr0dlh2Bsqi-k4wtWgs1MFN6HvY66HyxS1quKmjyVSt0Oq0HAg	3	caption:2024-10-05	
artist-photos.tsv:Laura Chavez @ Hamilton Live 10/9/24 | (	https://photos.google.com/share/AF1QipNwu1KEAQX-fJ_ma6C1TQ3T-MPdYb7eTx1wV00haRe585P7y25_vSDFruIsMhFpHA/photo/AF1QipOdhEmQul8iSy64tuWdhuuF5KbrE22r1RdEAMt4?key=cWhvRnlpQXdoaG52aTFwTjQ5LUNGMFBTeGk3Z2Zn	Laura Chavez @ Hamilton Live 10/9/24 | (very averse to photos, very incredible on guitar)	fe8bfd52-d453-4f9f-98f0-845ba670c839		fe8bfd52-d453-4f9f-98f0-845ba670c839	https://photos.redhat-bootlegs.net/share/DEA9_26dn6siQtbpaG44soazowuK5DBwYOtlotxHM-FRLae-hUuGjXTngQkJebzDs70	3	caption:2024-10-09	
artist-photos.tsv:Jake Xerxes Fussell @ Songbyrd Music Hou ; history/2024.tsv:2024-10-13 Jake Xerxes Fussell	https://photos.google.com/share/AF1QipNwu1KEAQX-fJ_ma6C1TQ3T-MPdYb7eTx1wV00haRe585P7y25_vSDFruIsMhFpHA/photo/AF1QipMrNix4XAaOwL2DdmhvsdeIjISSOHhw5aezahSL?key=cWhvRnlpQXdoaG52aTFwTjQ5LUNGMFBTeGk3Z2Zn	Jake Xerxes Fussell @ Songbyrd Music House 10/13/24 / Jake Xerxes Fussell at Songbyrd Music House, Washington, DC, USA	d88b2969-20ee-48ba-897e-46e83d121435		d88b2969-20ee-48ba-897e-46e83d121435	https://photos.redhat-bootlegs.net/share/aMc_KlI130Jx61yIwmnmr3VAZEkiqEyDrraQ9puIUF5BkLQKi-1bFsRusi3tFfslJZU	3	caption:2024-10-13	
artist-photos.tsv:Vanessa Collier @ Hamilton Live 10/9/24	https://photos.google.com/share/AF1QipNwu1KEAQX-fJ_ma6C1TQ3T-MPdYb7eTx1wV00haRe585P7y25_vSDFruIsMhFpHA/photo/AF1QipPxr8FYiGCq679hg76GptTqUOMy_8EsUIBr9Itr?key=cWhvRnlpQXdoaG52aTFwTjQ5LUNGMFBTeGk3Z2Zn	Vanessa Collier @ Hamilton Live 10/9/24	c9aaf2d0-808b-4028-94f0-a8af5c783a2b		c9aaf2d0-808b-4028-94f0-a8af5c783a2b	https://photos.redhat-bootlegs.net/share/fOprZphi1cseE5_thi549hHerULZfpJQ1xw0Fr-WaWnL2x9tyr2mZKOfR67P1An9ZHk	3	caption:2024-10-09	
artist-photos.tsv:Ana Popovic 10/16/24 @ Hamilton Live ; history/2024.tsv:2024-10-16 Ana Popović	https://photos.google.com/share/AF1QipNwu1KEAQX-fJ_ma6C1TQ3T-MPdYb7eTx1wV00haRe585P7y25_vSDFruIsMhFpHA/photo/AF1QipPWxjrCqE5HAmFc0xMozC5IHHJaR8GisoSRdsYv?key=cWhvRnlpQXdoaG52aTFwTjQ5LUNGMFBTeGk3Z2Zn	Ana Popovic 10/16/24 @ Hamilton Live / Ana Popović at The Hamilton Live, Washington, DC, USA	8c5534c5-49a5-4fb2-898c-998bb5edcf19		8c5534c5-49a5-4fb2-898c-998bb5edcf19	https://photos.redhat-bootlegs.net/share/3P3U9VEm0hGULt-JvN8Pg9yJ-jeQCKOPzgXEV3kvr8QyrK7rYVijv3ilA2ZZ3NxF8Mo	3	caption:2024-10-16	
artist-photos.tsv:Shemekia Copeland (singer) @ Rams Head 1 ; history/2024.tsv:2024-10-19 Shemekia Copeland	https://photos.google.com/share/AF1QipNwu1KEAQX-fJ_ma6C1TQ3T-MPdYb7eTx1wV00haRe585P7y25_vSDFruIsMhFpHA/photo/AF1QipNKYfOTXd4oGVHoS3aPbWjIjzSlVwzozwGWyO8x?key=cWhvRnlpQXdoaG52aTFwTjQ5LUNGMFBTeGk3Z2Zn	Shemekia Copeland (singer) @ Rams Head 10/19/24 / Shemekia Copeland at Rams Head On Stage, Annapolis, MD, USA	12e76059-b14f-4a31-8a99-93ff76737758		12e76059-b14f-4a31-8a99-93ff76737758	https://photos.redhat-bootlegs.net/share/Q47zB_VMBSdqjLbbEcUpejKRDAbcnKW8hd_w6K6lSjNmuhKHY4148TE-RN9DLGt7m8Y	3	caption:2024-10-19	
artist-photos.tsv:Albert Cummings @ The Collective Encore  ; history/2024.tsv:2024-11-08 Albert Cummings	https://photos.google.com/share/AF1QipNwu1KEAQX-fJ_ma6C1TQ3T-MPdYb7eTx1wV00haRe585P7y25_vSDFruIsMhFpHA/photo/AF1QipPuM_WTyYbHSxIC46HET7F0V684FLfr0_-j-8Xo?key=cWhvRnlpQXdoaG52aTFwTjQ5LUNGMFBTeGk3Z2Zn	Albert Cummings @ The Collective Encore 11/8/24 / Albert Cummings at The Collective Encore, Columbia, MD, USA	6d99a5cc-fdc6-4e4e-88c1-83455533635c		6d99a5cc-fdc6-4e4e-88c1-83455533635c	https://photos.redhat-bootlegs.net/share/O18KqwAtaFS9vcFs1K9Gg2iROktJgdNxX9S-ggaAXpKH5gWEsmr2Fx9RMgDkzOeKcp8	3	caption:2024-11-08	
artist-photos.tsv:Augustus Tritsch @ The Kennedy Center  1 ; history/2024.tsv:2024-11-09 Jake Blount	https://photos.google.com/share/AF1QipNwu1KEAQX-fJ_ma6C1TQ3T-MPdYb7eTx1wV00haRe585P7y25_vSDFruIsMhFpHA/photo/AF1QipOK0uooNqpdl-iD8ySWtkMKZ6SMxaBYnGMm7ys5?key=cWhvRnlpQXdoaG52aTFwTjQ5LUNGMFBTeGk3Z2Zn	Augustus Tritsch @ The Kennedy Center  11/9/24 / Jake Blount at Millennium Stage, Washington, DC, USA	2118903f-6764-4a4d-84ce-f7c0e1d7ed4a		2118903f-6764-4a4d-84ce-f7c0e1d7ed4a	https://photos.redhat-bootlegs.net/share/DNRxBFVv4wKfs-pMhf6f432w1NNeTsKXmn6APC2WySvMRLRFuuD91M5mEclMXgAj3fo	3	date:2024-11-09|caption:2024-11-09	
artist-photos.tsv:Lindsay Lou @ Strathmore 11/16/24 ; history/2024.tsv:2024-11-16 The Wood Brothers	https://photos.google.com/share/AF1QipNwu1KEAQX-fJ_ma6C1TQ3T-MPdYb7eTx1wV00haRe585P7y25_vSDFruIsMhFpHA/photo/AF1QipNcQb6emMHD1SuqavlBJ8chv3RsAnsQFdLC1osl?key=cWhvRnlpQXdoaG52aTFwTjQ5LUNGMFBTeGk3Z2Zn	Lindsay Lou @ Strathmore 11/16/24 / The Wood Brothers at The Music Center at Strathmore, North Bethesda, MD, USA	8451e999-fe63-4224-9967-dc5b67f6225f		8451e999-fe63-4224-9967-dc5b67f6225f	https://photos.redhat-bootlegs.net/share/Y9sxMeAhxVrvxEmyglGX9IQYi5v6AUiPbGjVENoUE269MlJaTtiW6nT05ndWfXFfBAI	3	caption:2024-11-16	
artist-photos.tsv:Ghalia Volt @ Warner 11/20/24 ; history/2024.tsv:2024-11-20 Samantha Fish	https://photos.google.com/share/AF1QipNwu1KEAQX-fJ_ma6C1TQ3T-MPdYb7eTx1wV00haRe585P7y25_vSDFruIsMhFpHA/photo/AF1QipP-tf1uE-Vwr47WSiNK0PtdNLRdgk_tH0gL6lrJ?key=cWhvRnlpQXdoaG52aTFwTjQ5LUNGMFBTeGk3Z2Zn	Ghalia Volt @ Warner 11/20/24 / Samantha Fish at Warner Theatre, Washington, DC, USA	f647de81-2986-4f43-8809-f1a7ad91746e		f647de81-2986-4f43-8809-f1a7ad91746e	https://photos.redhat-bootlegs.net/share/Gd5vrBGMdqVuosW78roKX_cVkLN44TvFsJak1P5L5rZxFG-KTfjVXMHvXXaU-X3a8TE	3	caption:2024-11-20	
artist-photos.tsv:Albert Castiglia @ JVs 12/22/24 ; history/2024.tsv:2024-12-22 Albert Castiglia	https://photos.google.com/share/AF1QipNwu1KEAQX-fJ_ma6C1TQ3T-MPdYb7eTx1wV00haRe585P7y25_vSDFruIsMhFpHA/photo/AF1QipMv4beunvUyfyM-g3B8p8MIelZv8418cZ14xLlQ?key=cWhvRnlpQXdoaG52aTFwTjQ5LUNGMFBTeGk3Z2Zn	Albert Castiglia @ JVs 12/22/24 / Albert Castiglia at JV's Restaurant, Falls Church, VA, USA	a7f81303-5ff5-4ed9-9177-bc66efead0e0		a7f81303-5ff5-4ed9-9177-bc66efead0e0	https://photos.redhat-bootlegs.net/share/w66WyJ-3X1BA_hqvLkFlHrw5d8-ZU4txNeU6R6w-U-TXAVeDkSxamPfkG9I0D6otijA	3	caption:2024-12-22	
artist-photos.tsv:Keith Roberts of Young Dubliners @ Pearl	https://photos.google.com/share/AF1QipNwu1KEAQX-fJ_ma6C1TQ3T-MPdYb7eTx1wV00haRe585P7y25_vSDFruIsMhFpHA/photo/AF1QipNgb7m7ziG5mQBBvhZIGLjoymxzKD5GacoZy92x?key=cWhvRnlpQXdoaG52aTFwTjQ5LUNGMFBTeGk3Z2Zn	Keith Roberts of Young Dubliners @ Pearl Street 1/10/2025	8571865d-15d2-4d19-8f91-67d110a6988b		8571865d-15d2-4d19-8f91-67d110a6988b	https://photos.redhat-bootlegs.net/share/m_sxGPPL2nKpHiS8KVQUpA_FPxUa7rYlKOB48V06aTfz0mkhrcJkgCPIPKHaSL98bUQ	3	caption:2025-01-10	
artist-photos.tsv:Chas Waltz (violin) of Young Dubliners @	https://photos.google.com/share/AF1QipNwu1KEAQX-fJ_ma6C1TQ3T-MPdYb7eTx1wV00haRe585P7y25_vSDFruIsMhFpHA/photo/AF1QipNv8FAGGhJRoiTkGeL5nl_3zVM6B7wYWIxfEIfQ?key=cWhvRnlpQXdoaG52aTFwTjQ5LUNGMFBTeGk3Z2Zn	Chas Waltz (violin) of Young Dubliners @ Pearl Street 1/10/2025	bf3b9606-6d0b-426d-b84f-eef67dbd8ced		bf3b9606-6d0b-426d-b84f-eef67dbd8ced	https://photos.redhat-bootlegs.net/share/CaUuw0w2sUU8yoeLWPaMGCMevlsbAazTmoTgk3OQ41IDaECViQkS7SJRmEvZmabaA94	3	caption:2025-01-10	
artist-photos.tsv:Oliver Wood @ Birchmere 1/22/25	https://photos.google.com/share/AF1QipNwu1KEAQX-fJ_ma6C1TQ3T-MPdYb7eTx1wV00haRe585P7y25_vSDFruIsMhFpHA/photo/AF1QipO1QZ1d_5cnovFYOL-xuHmYLb5qoQFN-MrWGQ8d?key=cWhvRnlpQXdoaG52aTFwTjQ5LUNGMFBTeGk3Z2Zn	Oliver Wood @ Birchmere 1/22/25	7fb2bdc8-6df1-4ef0-a03f-8fc107df68cd		7fb2bdc8-6df1-4ef0-a03f-8fc107df68cd	https://photos.redhat-bootlegs.net/share/q5CGY1H72trGJszIjq-POVVvrRPDqmoE3lfwxhLmDqVUZq0Fc7TGzIPJziDCFCuUYlo	3	caption:2025-01-22	
artist-photos.tsv:Langhorne Slim @ Birchmere 1/22/25	https://photos.google.com/share/AF1QipNwu1KEAQX-fJ_ma6C1TQ3T-MPdYb7eTx1wV00haRe585P7y25_vSDFruIsMhFpHA/photo/AF1QipOZ4LgK_AB2H_5go4dXmoQdVWMal3cTwSlpvNOt?key=cWhvRnlpQXdoaG52aTFwTjQ5LUNGMFBTeGk3Z2Zn	Langhorne Slim @ Birchmere 1/22/25	efa6a95b-7d98-4e89-a864-3a4f8b796d2b		efa6a95b-7d98-4e89-a864-3a4f8b796d2b	https://photos.redhat-bootlegs.net/share/GaPEhO6S6wFeJG86He8hSHBjjzSkBJnTPaS5_RURlKEzqqcO6UztyEQGIeyQ25GAVPY	3	caption:2025-01-22	
artist-photos.tsv:Yasmin Williams @ Birchmere 2/7/25 |  |  ; history/2025.tsv:2025-02-07 Yasmin Williams	https://photos.google.com/share/AF1QipNwu1KEAQX-fJ_ma6C1TQ3T-MPdYb7eTx1wV00haRe585P7y25_vSDFruIsMhFpHA/photo/AF1QipMiUrA-I7o8_Fw4HUdcRH8t613Au1giEZIC-Fc0?key=cWhvRnlpQXdoaG52aTFwTjQ5LUNGMFBTeGk3Z2Zn	Yasmin Williams @ Birchmere 2/7/25 |  | fresh from her NPR Tiny Desk taping https://www.npr.org/2025/02/07/g-s1-45615/yasmin-williams-tiny-desk-concert / Yasmin Williams at The Birchmere, Alexandria, VA, USA	9701fe7a-ed72-4d56-9400-5ac1cb630ac2		9701fe7a-ed72-4d56-9400-5ac1cb630ac2	https://photos.redhat-bootlegs.net/share/MdJ5YgMsoHc0CR1dUmxIzfsvQfrBosiZeG75ZaB0GuPC-MBroE33g2vyaupO_BRaN5E	3	caption:2025-02-07	
artist-photos.tsv:Sue Foley @ Hamilton Live 2/6/25 ; history/2025.tsv:2025-02-06 Sue Foley	https://photos.google.com/share/AF1QipNwu1KEAQX-fJ_ma6C1TQ3T-MPdYb7eTx1wV00haRe585P7y25_vSDFruIsMhFpHA/photo/AF1QipODxZ7bZp_u5qS9cFjBzhoTx78SUGGn0i4jAjaw?key=cWhvRnlpQXdoaG52aTFwTjQ5LUNGMFBTeGk3Z2Zn	Sue Foley @ Hamilton Live 2/6/25 / Sue Foley at The Hamilton Live, Washington, DC, USA	ba3a20ab-5b78-4088-b0bb-644501742b10		ba3a20ab-5b78-4088-b0bb-644501742b10	https://photos.redhat-bootlegs.net/share/SZgXtV7doaixEuM3Rvgka7qy4aAux5OVlAHFKi1e_b2MlWH6OnmkHwxFR2srRuEEuOo	3	caption:2025-02-06	
artist-photos.tsv:Trevor Lewington of Enter the Haggis @ T ; history/2025.tsv:2025-02-26 Enter the Haggis	https://photos.google.com/share/AF1QipNwu1KEAQX-fJ_ma6C1TQ3T-MPdYb7eTx1wV00haRe585P7y25_vSDFruIsMhFpHA/photo/AF1QipM-A8jLDp-uXdUT4pikygVVStE5rdNIVCNxAa7X?key=cWhvRnlpQXdoaG52aTFwTjQ5LUNGMFBTeGk3Z2Zn	Trevor Lewington of Enter the Haggis @ The Barns at Wolf Trap 2/26/25 my birthday, show #2 of the Exit The Haggis farewell tour / Enter the Haggis at Wolf Trap Farm Park (The Barns), Vienna, VA, USA	c5220f82-0243-4c99-9a2d-6c929ed6b7de		c5220f82-0243-4c99-9a2d-6c929ed6b7de	https://photos.redhat-bootlegs.net/share/PJA3_5Uhrb2x6_XJA-V6Gr3o6SBSZU_h5qXCQrrRSXF7TCUS7CESVw_1ucbUNiVFNMI	3	caption:2025-02-26	
artist-photos.tsv:Mike Zito @ Hub City Vinyl Live 2/27/25 ; history/2025.tsv:2025-02-27 Mike Zito	https://photos.google.com/share/AF1QipNwu1KEAQX-fJ_ma6C1TQ3T-MPdYb7eTx1wV00haRe585P7y25_vSDFruIsMhFpHA/photo/AF1QipN3_ZHz5tBGxWpNFfhTGlUWE8mZLzMVkm678ssB?key=cWhvRnlpQXdoaG52aTFwTjQ5LUNGMFBTeGk3Z2Zn	Mike Zito @ Hub City Vinyl Live 2/27/25 / Mike Zito at Hub City Vinyl, Hagerstown, MD, USA	a54593ab-450d-4f4b-9a6c-0cb31b99ebe7		a54593ab-450d-4f4b-9a6c-0cb31b99ebe7	https://photos.redhat-bootlegs.net/share/7omzZOkg705rk8x-lrp7H-jYNr49gZw7g6VBih8PqWScX0RME_3s3DrdGFWUuHIYvH0	3	date:2025-02-27|caption:2025-02-27	
artist-photos.tsv:Tikyra Jackson, drummer for Southern Ave	https://photos.google.com/share/AF1QipNwu1KEAQX-fJ_ma6C1TQ3T-MPdYb7eTx1wV00haRe585P7y25_vSDFruIsMhFpHA/photo/AF1QipP7hY6dE1phWgYHf5wnump2qQ3GQL3vf5p-mVFJ?key=cWhvRnlpQXdoaG52aTFwTjQ5LUNGMFBTeGk3Z2Zn	Tikyra Jackson, drummer for Southern Avenue - Ram's Head Live on Stage 3/21/25	f7a4880d-e8fd-4aff-a179-12bbdb1fcd3d		f7a4880d-e8fd-4aff-a179-12bbdb1fcd3d	https://photos.redhat-bootlegs.net/share/Rt53C6PhWK5r3VD1EdSi5L0dr6mvtiXWrseGrVe_OeJG26MV5pwbiL8AIWk5mR_6dos	3	caption:2025-03-21	
artist-photos.tsv:Ori Naftaly of Southern Avenue and his y	https://photos.google.com/share/AF1QipNwu1KEAQX-fJ_ma6C1TQ3T-MPdYb7eTx1wV00haRe585P7y25_vSDFruIsMhFpHA/photo/AF1QipMg5KbvhUdpUwLnwO3_3hnK0o7NEC6RM8W8jYLG?key=cWhvRnlpQXdoaG52aTFwTjQ5LUNGMFBTeGk3Z2Zn	Ori Naftaly of Southern Avenue and his youngest fan. Ram's Head Live on Stage 3/21/25	e3b54213-3f7c-42d7-84d3-387fe8631b77		e3b54213-3f7c-42d7-84d3-387fe8631b77	https://photos.redhat-bootlegs.net/share/ARAv7SclXiHJaFhZz-Hzy0CazfvcqW6Oz5xrhH5YGdFcW0lmtXmC48ZRy0cLfSdlEnM	3	caption:2025-03-21	
artist-photos.tsv:Tierinii Jackson, voice of Southern Aven	https://photos.google.com/share/AF1QipNwu1KEAQX-fJ_ma6C1TQ3T-MPdYb7eTx1wV00haRe585P7y25_vSDFruIsMhFpHA/photo/AF1QipMubp2hjJ7gcdHpi70XwNm50E4JrkywBFZeJ1ig?key=cWhvRnlpQXdoaG52aTFwTjQ5LUNGMFBTeGk3Z2Zn	Tierinii Jackson, voice of Southern Avenue - Ram's Head Live on Stage 3/21/25	c6836c85-381f-4ecc-898e-fb1f1698ad6c		c6836c85-381f-4ecc-898e-fb1f1698ad6c	https://photos.redhat-bootlegs.net/share/ep4ezo7s1erEZlvA0ueCdwKZ3rmzyx-ehgtxvXk7JdYxfbeuSkajDNsdLyzkuWh5QXM	3	caption:2025-03-21	
artist-photos.tsv:Valerie June, Ram's Head Live on Stage 4 ; history/2025.tsv:2025-04-18 Valerie June	https://photos.google.com/share/AF1QipNwu1KEAQX-fJ_ma6C1TQ3T-MPdYb7eTx1wV00haRe585P7y25_vSDFruIsMhFpHA/photo/AF1QipMQFKQEDOSTjh_qb_81r17bNYtS8Mi5t3KaOHsG?key=cWhvRnlpQXdoaG52aTFwTjQ5LUNGMFBTeGk3Z2Zn	Valerie June, Ram's Head Live on Stage 4/18/25 / Valerie June at Rams Head On Stage, Annapolis, MD, USA	5d232992-dc7e-44f1-9e8f-9bca8b3717f9		5d232992-dc7e-44f1-9e8f-9bca8b3717f9	https://photos.redhat-bootlegs.net/share/U9I9Jqc6JwCO0ZehZx_RspBJKUhKXnoPGQ8gyqKoDIM2UnsJAzwgZwwbUr7xJSqzFxA	3	caption:2025-04-18	
artist-photos.tsv:Danielle Nicole @ Pearl Street Warehouse	https://photos.google.com/share/AF1QipNwu1KEAQX-fJ_ma6C1TQ3T-MPdYb7eTx1wV00haRe585P7y25_vSDFruIsMhFpHA/photo/AF1QipPDSiw5TiFfVYBoAutYdxJdxxm_xLWbd19RhMPa?key=cWhvRnlpQXdoaG52aTFwTjQ5LUNGMFBTeGk3Z2Zn	Danielle Nicole @ Pearl Street Warehouse 5/2/25	7c00e47b-6d00-4f89-9ef4-6c85f14c6ebe		7c00e47b-6d00-4f89-9ef4-6c85f14c6ebe	https://photos.redhat-bootlegs.net/share/1Tx6z1yVWDiQEDiKioNLdunWT-vfoVnOUsfwJHmQ1VCO7TCicTUkNuNyEUJmoyHDY44	3	caption:2025-05-02	
artist-photos.tsv:Brandon Miller @ Pearl Street | Warehous	https://photos.google.com/share/AF1QipNwu1KEAQX-fJ_ma6C1TQ3T-MPdYb7eTx1wV00haRe585P7y25_vSDFruIsMhFpHA/photo/AF1QipNmCilow3HfMyKzh8fMnnJGIwXekhx571vKBGbL?key=cWhvRnlpQXdoaG52aTFwTjQ5LUNGMFBTeGk3Z2Zn	Brandon Miller @ Pearl Street | Warehouse 5/2/25	1dbe5870-3c7d-40f3-94b3-4d5348e3fc11		1dbe5870-3c7d-40f3-94b3-4d5348e3fc11	https://photos.redhat-bootlegs.net/share/cikyC9mbc3Ej-ITnexnSgqAOvBusQVQEQp6t5sdIHiyX6jIISRJrzB6jyK5ahkQvbk0	3	caption:2025-05-02	
artist-photos.tsv:Larkin Poe at 9:30 Club 5/9/25 ; history/2025.tsv:2025-05-09 Larkin Poe	https://photos.google.com/share/AF1QipNwu1KEAQX-fJ_ma6C1TQ3T-MPdYb7eTx1wV00haRe585P7y25_vSDFruIsMhFpHA/photo/AF1QipPWyABmkpJb62f5XJt0NjWJEKTwJ2gtzrOqq9sT?key=cWhvRnlpQXdoaG52aTFwTjQ5LUNGMFBTeGk3Z2Zn	Larkin Poe at 9:30 Club 5/9/25 / Larkin Poe at 9:30 Club, Washington, DC, USA	7e39a4ac-7006-4534-b1aa-89b8d2c96b85		7e39a4ac-7006-4534-b1aa-89b8d2c96b85	https://photos.redhat-bootlegs.net/share/veKTLBXhVodN1QZkqv2MLwYtcq13ocMSRhKeCobRZOhF_-dQo7_Yy0mJ6A0t4FesHm4	3	date:2025-05-09|caption:2025-05-09	
artist-photos.tsv:Ally Venable @ Ram's Head Live On Stage  ; history/2025.tsv:2025-05-14 Ally Venable Band	https://photos.google.com/share/AF1QipNwu1KEAQX-fJ_ma6C1TQ3T-MPdYb7eTx1wV00haRe585P7y25_vSDFruIsMhFpHA/photo/AF1QipPhu-vwmQVH_Xnhfp1cnbA1fuZTeHCP7UQG0okA?key=cWhvRnlpQXdoaG52aTFwTjQ5LUNGMFBTeGk3Z2Zn	Ally Venable @ Ram's Head Live On Stage 5/14/25 / Ally Venable Band at Rams Head On Stage, Annapolis, MD, USA	b40ec661-1550-434f-ba17-6ee7eecbb421		b40ec661-1550-434f-ba17-6ee7eecbb421	https://photos.redhat-bootlegs.net/share/Fq47osIpV1HU8M1ZctNWUpWywhtyWQDVpJdx7Sx0OPqpKcezfggR4VVzXcPQCJGB6qw	3	caption:2025-05-14	
artist-photos.tsv:The Heavy Heavy - William Turner and Geo ; history/2025.tsv:2025-06-13 The Heavy Heavy	https://photos.google.com/share/AF1QipNwu1KEAQX-fJ_ma6C1TQ3T-MPdYb7eTx1wV00haRe585P7y25_vSDFruIsMhFpHA/photo/AF1QipNL5BBTKE4ZWm8S8ySbbv9jwXiDQu6MF3puzTNb?key=cWhvRnlpQXdoaG52aTFwTjQ5LUNGMFBTeGk3Z2Zn	The Heavy Heavy - William Turner and Georgie Fuller @ The Atlantis 5/13/25 / The Heavy Heavy at The Atlantis, Washington, DC, USA	2bfa17d4-075c-4aa0-a481-4bd575f6010d		2bfa17d4-075c-4aa0-a481-4bd575f6010d	https://photos.redhat-bootlegs.net/share/o2V8c3jVsV9_286V8m4NeqKEV8gAdPIRVJ2IILGYtGVGLn_-YgwmNLZDUzsHBHq2j0w	3	caption:2025-05-13	
artist-photos.tsv:JP Soars at JV's Music Room 7/13/25 ; history/2025.tsv:2025-07-13 J. P. Soars	https://photos.google.com/share/AF1QipNwu1KEAQX-fJ_ma6C1TQ3T-MPdYb7eTx1wV00haRe585P7y25_vSDFruIsMhFpHA/photo/AF1QipPdYM6KSBoHSS4UZPRgHvVE-vt2XfvAnGGNe73E?key=cWhvRnlpQXdoaG52aTFwTjQ5LUNGMFBTeGk3Z2Zn	JP Soars at JV's Music Room 7/13/25 / J. P. Soars at JV's Restaurant, Falls Church, VA, USA	480dab3c-f86a-41e8-bfef-b0413a3eebe0		480dab3c-f86a-41e8-bfef-b0413a3eebe0	https://photos.redhat-bootlegs.net/share/sHlP2_8r9YsvM_3knW66SxJFJjc9lLX5oBbJxy3CLr2v-qP_CPhct31-auAMWg4ERWY	3	caption:2025-07-13	
artist-photos.tsv:Jax Hollow & Taylor Tuke @ Ram's Head Li ; history/2025.tsv:2025-07-17 Jax Hollow	https://photos.google.com/share/AF1QipNwu1KEAQX-fJ_ma6C1TQ3T-MPdYb7eTx1wV00haRe585P7y25_vSDFruIsMhFpHA/photo/AF1QipM0dZWiYz6LlM-izqhUgapc7wffBfJ3vc3mRwrZ?key=cWhvRnlpQXdoaG52aTFwTjQ5LUNGMFBTeGk3Z2Zn	Jax Hollow & Taylor Tuke @ Ram's Head Live On Stage 7/17/25 / Jax Hollow at Rams Head On Stage, Annapolis, MD, USA	28966a2d-5029-4d54-89e9-439cd49aff11		28966a2d-5029-4d54-89e9-439cd49aff11	https://photos.redhat-bootlegs.net/share/Z66UzMi6WKnyUdcn6zs9n2ZCoj8tekeIK-Da9YGKtAWHoHKebdeAqFFiU9kMn83Wez4	3	caption:2025-07-17	
artist-photos.tsv:Amythyst Kiah @ Jammin' Java 7/21/25 ; history/2025.tsv:2025-07-21 Amythyst Kiah	https://photos.google.com/share/AF1QipNwu1KEAQX-fJ_ma6C1TQ3T-MPdYb7eTx1wV00haRe585P7y25_vSDFruIsMhFpHA/photo/AF1QipOxBDablxhmD8QjifqMbBoXK6QV1mKP_ysa4Exs?key=cWhvRnlpQXdoaG52aTFwTjQ5LUNGMFBTeGk3Z2Zn	Amythyst Kiah @ Jammin' Java 7/21/25 / Amythyst Kiah at Jammin' Java, Vienna, VA, USA	58cefece-7d60-48ca-8280-1cacb435d2d1		58cefece-7d60-48ca-8280-1cacb435d2d1	https://photos.redhat-bootlegs.net/share/qOKGl27AV51OE82p29lRFhlwMsyZG-JbwBAT7FCekYRHxgsdGHmBuFvzOvbHHc1iBPQ	3	caption:2025-07-21	
artist-photos.tsv:Eric Johansen @ Jammin' Java 8/3/25 ; history/2025.tsv:2025-08-03 Eric Johanson	https://photos.google.com/share/AF1QipNwu1KEAQX-fJ_ma6C1TQ3T-MPdYb7eTx1wV00haRe585P7y25_vSDFruIsMhFpHA/photo/AF1QipNBJqblam1ov8JD35ED9S-TqSgKxg5Lul3LGxjn?key=cWhvRnlpQXdoaG52aTFwTjQ5LUNGMFBTeGk3Z2Zn	Eric Johansen @ Jammin' Java 8/3/25 / Eric Johanson at Jammin' Java, Vienna, VA, USA	7262ce07-457b-4414-a685-0f24c9e85b2b		7262ce07-457b-4414-a685-0f24c9e85b2b	https://photos.redhat-bootlegs.net/share/n7b0mO6C5Y2_jSQJCTbZbTzRia8x50aHp2MMgdsxRNfH_pUCencL6TBX8utgdQnrKY0	3	caption:2025-08-03	
artist-photos.tsv:D.K. Harrell @ Jammin' Java 8/19/25 ; history/2025.tsv:2025-08-19 D.K. Harrell	https://photos.google.com/share/AF1QipNwu1KEAQX-fJ_ma6C1TQ3T-MPdYb7eTx1wV00haRe585P7y25_vSDFruIsMhFpHA/photo/AF1QipP1C-Nyh5dcc-SixC79bgPHP8HprD9sjOkQEMaz?key=cWhvRnlpQXdoaG52aTFwTjQ5LUNGMFBTeGk3Z2Zn	D.K. Harrell @ Jammin' Java 8/19/25 / D.K. Harrell at Jammin' Java, Vienna, VA, USA	570d5729-3863-42d6-9ed8-c92985760ce2		570d5729-3863-42d6-9ed8-c92985760ce2	https://photos.redhat-bootlegs.net/share/-P62VpC_PAi_H4o5fcgqHlYTL9NP4TRmq9MWOrxy4ZXHCorqhb3Dj_HAXJ_HUlm89cY	3	caption:2025-08-19	
artist-photos.tsv:Dave Barnes of Bywater Call @ Pearl Stre	https://photos.google.com/share/AF1QipNwu1KEAQX-fJ_ma6C1TQ3T-MPdYb7eTx1wV00haRe585P7y25_vSDFruIsMhFpHA/photo/AF1QipOmz1ZydM94Y6xIbAsDAnOSP6PXowzhN7nGe5IU?key=cWhvRnlpQXdoaG52aTFwTjQ5LUNGMFBTeGk3Z2Zn	Dave Barnes of Bywater Call @ Pearl Street Warehouse 9/24/25	115a953f-d8fa-4b14-bc09-cd284b8496f2		115a953f-d8fa-4b14-bc09-cd284b8496f2	https://photos.redhat-bootlegs.net/share/8EET_zK-8s5cOpcAzXtf-h6SfRcTIxNJEYAS1zReA2l95T27uokZVBiiHg95ftA5_i0	3	caption:2025-09-24	
artist-photos.tsv:Meghan Parnell of Bywater Call @ Pearl S	https://photos.google.com/share/AF1QipNwu1KEAQX-fJ_ma6C1TQ3T-MPdYb7eTx1wV00haRe585P7y25_vSDFruIsMhFpHA/photo/AF1QipPBm1T2ZQTvChWl5GBk5bk_zsU-a-HSaPKD-J-x?key=cWhvRnlpQXdoaG52aTFwTjQ5LUNGMFBTeGk3Z2Zn	Meghan Parnell of Bywater Call @ Pearl Street Warehouse 9/24/25	a68581df-8881-4b0c-83fe-2e047fff8262		a68581df-8881-4b0c-83fe-2e047fff8262	https://photos.redhat-bootlegs.net/share/DuAaHHap5M_DDNqE_Mk6dts53V4_P8rZeczZKXZWq9TUH4bRcuGoXRmDMXAKB3oLnnU	3	caption:2025-09-24	
artist-photos.tsv:Judith Hill (again) @ Hamilton Live 10/8 ; history/2025.tsv:2025-10-08 Judith Hill	https://photos.google.com/share/AF1QipNwu1KEAQX-fJ_ma6C1TQ3T-MPdYb7eTx1wV00haRe585P7y25_vSDFruIsMhFpHA/photo/AF1QipNIPwuZl2fAvQIJHjhP7dq8-IJyByX8opYBLDcj?key=cWhvRnlpQXdoaG52aTFwTjQ5LUNGMFBTeGk3Z2Zn	Judith Hill (again) @ Hamilton Live 10/8/25 / Judith Hill at The Hamilton Live, Washington, DC, USA	63b9b9df-4a87-4686-88e5-55cf2c191e2b		63b9b9df-4a87-4686-88e5-55cf2c191e2b	https://photos.redhat-bootlegs.net/share/0Tpvp_G-SlPxWd19KvRhpdf6mVu4AA5KQ6FiAODFQDHX2_ET9Y2TlX2orKISdblFP00	3	caption:2025-10-08	
artist-photos.tsv:Jackie Venson (again) @ Hamilton Live 10 ; history/2025.tsv:2025-10-15 Jackie Venson	https://photos.google.com/share/AF1QipNwu1KEAQX-fJ_ma6C1TQ3T-MPdYb7eTx1wV00haRe585P7y25_vSDFruIsMhFpHA/photo/AF1QipPoR-BF4vFi7bK8pHXy8973MgsVjHZNj-b9EzKg?key=cWhvRnlpQXdoaG52aTFwTjQ5LUNGMFBTeGk3Z2Zn	Jackie Venson (again) @ Hamilton Live 10/15/25 / Jackie Venson at The Hamilton Live, Washington, DC, USA	5dd63efb-3c33-46a7-be09-28564becb0d5		5dd63efb-3c33-46a7-be09-28564becb0d5	https://photos.redhat-bootlegs.net/share/RE0B24dw7frGBSVWKuGJmLyxbGQwOMsvgnlVNdRmLesaLN-9kFeo7_AVScQJI7Euh8k	3	caption:2025-10-15	
artist-photos.tsv:the incomparable Jon Batiste @ The Anthe ; history/2025.tsv:2025-10-31 Jon Batiste	https://photos.google.com/share/AF1QipNwu1KEAQX-fJ_ma6C1TQ3T-MPdYb7eTx1wV00haRe585P7y25_vSDFruIsMhFpHA/photo/AF1QipMLDbfirRLvWGnfAHJV9jlOj0FeAuaGluqCRB4C?key=cWhvRnlpQXdoaG52aTFwTjQ5LUNGMFBTeGk3Z2Zn	the incomparable Jon Batiste @ The Anthem 10/31/25 / Jon Batiste at The Anthem, Washington, DC, USA	9da40876-2d69-4edc-ac51-38edccb7a2e7		9da40876-2d69-4edc-ac51-38edccb7a2e7	https://photos.redhat-bootlegs.net/share/ggPvT2VT-gMufiWtGb1AabxxuWCR7r1_elR5jTnolcuXJAi8ni9htYaMA9dChxta80o	3	caption:2025-10-31	
artist-photos.tsv:Stageside with Luther Dickinson of North ; history/2025.tsv:2025-11-08 North Mississippi Allstars	https://photos.google.com/share/AF1QipNwu1KEAQX-fJ_ma6C1TQ3T-MPdYb7eTx1wV00haRe585P7y25_vSDFruIsMhFpHA/photo/AF1QipNpPdlsTkjchUlAXweBaRWsPP-KgdPiOGZJuAAF?key=cWhvRnlpQXdoaG52aTFwTjQ5LUNGMFBTeGk3Z2Zn	Stageside with Luther Dickinson of North Mississippi All-Stars. Joey Williams in the background @ The Barns at Wolf Trap 11/8/25 / North Mississippi Allstars at Wolf Trap Farm Park (The Barns), Vienna, VA, USA	b76e8f48-b57d-4bbf-9cd3-6e45be0f2031		b76e8f48-b57d-4bbf-9cd3-6e45be0f2031	https://photos.redhat-bootlegs.net/share/AwVNGPnrpUK0H0nVJZT8Gj9g2M2gupq0PCp4Wi4HHBH4cX0qln-lLALlrnxGL9TF8AY	3	caption:2025-11-08	
artist-photos.tsv:The Lone Bellow (again) @ Union Stage DC ; history/2025.tsv:2025-11-14 The Lone Bellow	https://photos.google.com/share/AF1QipNwu1KEAQX-fJ_ma6C1TQ3T-MPdYb7eTx1wV00haRe585P7y25_vSDFruIsMhFpHA/photo/AF1QipNJJEsskMiktUSqkJQGGGAhAw9aBLkaepim5Xng?key=cWhvRnlpQXdoaG52aTFwTjQ5LUNGMFBTeGk3Z2Zn	The Lone Bellow (again) @ Union Stage DC 11/14/25 / The Lone Bellow at Union Stage, Washington, DC, USA	3b2e7341-8f8a-4b97-a784-75b320e99313		3b2e7341-8f8a-4b97-a784-75b320e99313	https://photos.redhat-bootlegs.net/share/COyYbO8nOj1aNTqK60_-NsPZW5ZYOV1WOofYwRD3IzknAK8VfczlKFmoUWQ-U1hZF_U	3	date:2025-11-14|caption:2025-11-14	
artist-photos.tsv:Mohini Dey @ Birchmere 2/19/26 ; history/2026.tsv:2026-02-19 Mohini Dey	https://photos.google.com/share/AF1QipNwu1KEAQX-fJ_ma6C1TQ3T-MPdYb7eTx1wV00haRe585P7y25_vSDFruIsMhFpHA/photo/AF1QipMdYUYotEb2HRWudzfqTwrM_ONnc5n50E41n2Qo?key=cWhvRnlpQXdoaG52aTFwTjQ5LUNGMFBTeGk3Z2Zn	Mohini Dey @ Birchmere 2/19/26 / Mohini Dey at The Birchmere	66a99bfb-1df8-4124-8940-1e14822d46a9		66a99bfb-1df8-4124-8940-1e14822d46a9	https://photos.redhat-bootlegs.net/share/erVPmbo3KyecyK5LzsKujAuH6GTLem618rmiPNK9MpcBQAExMHdfukJpOJ1XiLGiBZM	3	caption:2026-02-19	
artist-photos.tsv:Matteo Mancuso @ Hamilton Live 2/21/26 ; history/2026.tsv:2026-02-21 Matteo Mancuso	https://photos.google.com/share/AF1QipNwu1KEAQX-fJ_ma6C1TQ3T-MPdYb7eTx1wV00haRe585P7y25_vSDFruIsMhFpHA/photo/AF1QipPGHyM3bJucxu2ninCAvKnlOIjE5ctHT6RqQgan?key=cWhvRnlpQXdoaG52aTFwTjQ5LUNGMFBTeGk3Z2Zn	Matteo Mancuso @ Hamilton Live 2/21/26 / Matteo Mancuso at Hamilton Live	ac73255e-89a3-4e21-8e34-62312db640bc		ac73255e-89a3-4e21-8e34-62312db640bc	https://photos.redhat-bootlegs.net/share/9yFycQrF3IskAk0whZOowkZnRBb1mQO10HEwVtmd-5emFgaL-pTuIw8W9yfgVs-rBNA	3	caption:2026-02-21	
artist-photos.tsv:Billy Gibbons and the BFGs (Chris Layton ; history/2026.tsv:2026-02-23 Billy Gibbons	https://photos.google.com/share/AF1QipNwu1KEAQX-fJ_ma6C1TQ3T-MPdYb7eTx1wV00haRe585P7y25_vSDFruIsMhFpHA/photo/AF1QipNmNG-4Njpyepxhh92wwYfMiI9KKvaEameWgzxC?key=cWhvRnlpQXdoaG52aTFwTjQ5LUNGMFBTeGk3Z2Zn	Billy Gibbons and the BFGs (Chris Layton, Mike Flanigin) @ Birchmere 2/23/26 / Billy Gibbons at The Birchmere	dbd54e43-94ed-45cb-9bb4-b0bc63bd30b5		dbd54e43-94ed-45cb-9bb4-b0bc63bd30b5	https://photos.redhat-bootlegs.net/share/u8coJlD_K5WqlNdD37C5m_T5VXIAf8olpaNg1sgPxLgIUeEah4fcd347QhM7RlFuYr0	3	caption:2026-02-23	
artist-photos.tsv:Albert Castiglia (again) @ Rams Head 3/7 ; history/2026.tsv:2026-03-07 Albert Castiglia	https://photos.google.com/share/AF1QipNwu1KEAQX-fJ_ma6C1TQ3T-MPdYb7eTx1wV00haRe585P7y25_vSDFruIsMhFpHA/photo/AF1QipOio_dAUeh915f7lkTME7sOe5eLnNp7WmlxPCbY?key=cWhvRnlpQXdoaG52aTFwTjQ5LUNGMFBTeGk3Z2Zn	Albert Castiglia (again) @ Rams Head 3/7/26. expert photo by Lary Chinowsky / Albert Castiglia at Rams Head On Stage	7d8bb2b7-6b8f-490d-9802-e94f6c0bebf0		7d8bb2b7-6b8f-490d-9802-e94f6c0bebf0	https://photos.redhat-bootlegs.net/share/keR7S6Fb1quIBznU8DsyQON8NPAX8APmFxo9AIDtaWBbXklOTd2s-_KGQb_NDXSBMa0	3	date:2026-03-07|face:date	
artist-photos.tsv:Sue Foley (again) @ Hamilton Live 3/11/2 ; history/2026.tsv:2026-03-11 Sue Foley	https://photos.google.com/share/AF1QipNwu1KEAQX-fJ_ma6C1TQ3T-MPdYb7eTx1wV00haRe585P7y25_vSDFruIsMhFpHA/photo/AF1QipNoeU1kedn90tmktx6Ds7_QyBosXNVd7jIYqFrr?key=cWhvRnlpQXdoaG52aTFwTjQ5LUNGMFBTeGk3Z2Zn	Sue Foley (again) @ Hamilton Live 3/11/26  | One Guitar Woman tour for Women's History Month / Sue Foley at Hamilton Live	3ae1a6c7-b9cf-4207-8642-3ac4195521b2		3ae1a6c7-b9cf-4207-8642-3ac4195521b2	https://photos.redhat-bootlegs.net/share/ktFHsvWWhUdJMZSLmSkp5ahu1HmLc4KyhFHzBkiHhkzsta87zlnk7QypHEQWXHtI7bw	3	caption:2026-03-11	
artist-photos.tsv:Danielle Nicole (again) and Brandon Mill ; history/2026.tsv:2026-03-20 Danielle Nicole	https://photos.google.com/share/AF1QipNwu1KEAQX-fJ_ma6C1TQ3T-MPdYb7eTx1wV00haRe585P7y25_vSDFruIsMhFpHA/photo/AF1QipOtrte7inCSux4IimPmmnQFr_aQjYEZmh1h3CYa?key=cWhvRnlpQXdoaG52aTFwTjQ5LUNGMFBTeGk3Z2Zn	Danielle Nicole (again) and Brandon Miller (again) @ Hamilton Live 3/20/26 / Danielle Nicole at Hamilton Live	58d5728c-c8c8-4b35-a154-6cfbe418e946		58d5728c-c8c8-4b35-a154-6cfbe418e946	https://photos.redhat-bootlegs.net/share/RNml7P6daEWIk3EQUNrZEqm-q06V_U9xkwVNY_zk3PaK-_q6i9ZrhUautrtcawYfinw	3	caption:2026-03-20	
artist-photos.tsv:ZZ Ward (again) @ Birchmere 3/21/26 ; history/2026.tsv:2026-03-21 ZZ Ward	https://photos.google.com/share/AF1QipNwu1KEAQX-fJ_ma6C1TQ3T-MPdYb7eTx1wV00haRe585P7y25_vSDFruIsMhFpHA/photo/AF1QipMry9xrJJswLfoqueYuWwF_5V4lLdbtcSMMxxb6?key=cWhvRnlpQXdoaG52aTFwTjQ5LUNGMFBTeGk3Z2Zn	ZZ Ward (again) @ Birchmere 3/21/26 / ZZ Ward at The Birchmere	a6a2e93d-a487-421f-95eb-60852083ccf5		a6a2e93d-a487-421f-95eb-60852083ccf5	https://photos.redhat-bootlegs.net/share/cwGGddNy1ANcS6D7yzOmdK33GtyX2FY7Icg6EP0cyf4QX38xrm4te6zK-JTv4KaCE-s	3	date:2026-03-21|face:date	
artist-photos.tsv:Joanne Shaw Taylor & Shane Saunders @ Ra ; history/2026.tsv:2026-03-28 Joanne Shaw Taylor	https://photos.google.com/share/AF1QipNwu1KEAQX-fJ_ma6C1TQ3T-MPdYb7eTx1wV00haRe585P7y25_vSDFruIsMhFpHA/photo/AF1QipNOMXDgtSn3RohK0dpzHRQ48Tjwdn6sVPrwPJTy?key=cWhvRnlpQXdoaG52aTFwTjQ5LUNGMFBTeGk3Z2Zn	Joanne Shaw Taylor & Shane Saunders @ Ram's Head 3/28/26 (photobomb, JST doesn't stick around for fan photos) / Joanne Shaw Taylor at Rams Head On Stage	ee12b906-cc2e-4e2f-b274-390596efc46b		ee12b906-cc2e-4e2f-b274-390596efc46b	https://photos.redhat-bootlegs.net/share/oHu1MFk3yPid6vHXETCWlkl1nX-PzmXjaXpc9xBRkLwo31oeAVJXrrdpF_R6P-oPSes	3	caption:2026-03-28	
artist-photos.tsv:Selwyn Birchwood (again) @ Collective En ; history/2026.tsv:2026-03-29 Selwyn Birchwood	https://photos.google.com/share/AF1QipNwu1KEAQX-fJ_ma6C1TQ3T-MPdYb7eTx1wV00haRe585P7y25_vSDFruIsMhFpHA/photo/AF1QipN8EZU803eHqZBNwFkvYlSGAqDGOgUgdYq0GMFN?key=cWhvRnlpQXdoaG52aTFwTjQ5LUNGMFBTeGk3Z2Zn	Selwyn Birchwood (again) @ Collective Encore 2026-03-29 / Selwyn Birchwood at Collective Encore	4cf09a03-47c0-461e-b850-f0c927385994		4cf09a03-47c0-461e-b850-f0c927385994	https://photos.redhat-bootlegs.net/share/z9gaf-osWN-ZLphTRnZNI3Q4ZfwZlsJCabaIXJ7mTFteqD4xjErkuxCTqF62rn13lLY	3	date:2026-03-29|face:date	
artist-photos.tsv:Jake Xerxes Fussell (again) @ Union Stag ; history/2026.tsv:2026-04-11 Jake Xerxes Fussell	https://photos.google.com/share/AF1QipNwu1KEAQX-fJ_ma6C1TQ3T-MPdYb7eTx1wV00haRe585P7y25_vSDFruIsMhFpHA/photo/AF1QipPo3JvhfhOuYwLhI5JQz_BA5I9MTw2fjBlnDlXH?key=cWhvRnlpQXdoaG52aTFwTjQ5LUNGMFBTeGk3Z2Zn	Jake Xerxes Fussell (again) @ Union Stage 4/11/26 / Jake Xerxes Fussell at Union Stage	b277e3c8-4167-458c-abcb-afa4ce620a60		b277e3c8-4167-458c-abcb-afa4ce620a60	https://photos.redhat-bootlegs.net/share/spUUUZXfR8dEeVM3kPUcg4DVN6aH7tjjZqp5ob9WWmqfORJCGA0110t9lgFiNxAtmkc	3	caption:2026-04-11	
artist-photos.tsv:Margaret Glaspy @ 9:30 Club 4/12/26 supp ; history/2026.tsv:2026-04-12 Glen Hansard	https://photos.google.com/share/AF1QipNwu1KEAQX-fJ_ma6C1TQ3T-MPdYb7eTx1wV00haRe585P7y25_vSDFruIsMhFpHA/photo/AF1QipOXCDUEvViNlpnBuXjcU0pTUkJ_yuVdAH2Df6fm?key=cWhvRnlpQXdoaG52aTFwTjQ5LUNGMFBTeGk3Z2Zn	Margaret Glaspy @ 9:30 Club 4/12/26 supporting Glen Hansard / Glen Hansard at 9:30 Club	b1983a3b-c6c7-4287-ac5f-69997d66ce11		b1983a3b-c6c7-4287-ac5f-69997d66ce11	https://photos.redhat-bootlegs.net/share/IQlMeFvqz8gdm-Wbjs_WabHYF1K46TZ2P845w7qAN5BRMrUCo9tTW9m94wDf9SFRC_I	3	date:2026-04-12|caption:2026-04-12	
artist-photos.tsv:Tommy Castro @ Rams Head 4/19/26 - he lo ; history/2026.tsv:2026-04-19 Tommy Castro & the Painkillers	https://photos.google.com/share/AF1QipNJs-TrAIl_v4dGfJX5Z23mmGkJ2dpInetPhDFdQ98aKRVp9gUCbE40khJYl6_PMg?key=UWhyMmFyaHdyTkF3MlZZUDFCTExwOGY0Z2l6VVpn	Tommy Castro @ Rams Head 4/19/26 - he looked at my T-Shirt and said "You've got good taste. I love those kids" (he's 71) / Tommy Castro & the Painkillers at Rams Head On Stage	473d37b3-b71a-4c0c-abe2-5fb2ee0e6ffe		473d37b3-b71a-4c0c-abe2-5fb2ee0e6ffe	https://photos.redhat-bootlegs.net/share/pCaJAuenULiFHbBii6YyslThTwkfu5J_7TfrVM-j69LeALPDdY4QtTKR8w24T0cvk_E	3		
artist-photos.tsv:Ally Venable (again) @ Rams Head 4/20/26 ; history/2026.tsv:2026-04-20 Ally Venable Band	https://photos.google.com/share/AF1QipPN2B_9OYxDWTHSrS8L1utWzZ-kPgffhN73nOLsNyoFte6FSVrKyPS3ha1k2l6E2Q?key=ODhJVDJPUWZUZUM3bXRiX1lMV0czNzRrV19wSkZn	Ally Venable (again) @ Rams Head 4/20/26 / Ally Venable Band at Rams Head On Stage	fb8a4bcf-bc09-4fbc-bb21-f691e347ba11		fb8a4bcf-bc09-4fbc-bb21-f691e347ba11	https://photos.redhat-bootlegs.net/share/kA1KnBE6Ft5LxlBFX-3ItSJyTy-SDdi8y4L317J4Xryjn0XJOSq0H5DhCekGsRCfFhA	3	date:2026-04-20	
artist-photos.tsv:Vanessa Collier (again) @ Collective Enc ; history/2026.tsv:2026-05-09 Vanessa Collier	https://photos.google.com/share/AF1QipMBSojN8h9_a9v6DCdQGLkBJ9VK6eccsc5c0hDzH-kfgy4HMY_DgP_4GMDfegc8lA?key=TjJORnNzaF9OX0R1XzJSekZ6YXB5T2wtelllRW1B	Vanessa Collier (again) @ Collective Encore 5/9/26 / Vanessa Collier at Collective Encore	44d57980-4b14-4ad5-a84c-24411b7585fa		44d57980-4b14-4ad5-a84c-24411b7585fa	https://photos.redhat-bootlegs.net/share/NLDNQrYFpTZT7Cqwk-98kwZr0vQONkRbaXIcEuE9Iiv7H_mA84Sy-XLCMh10nkooe-E	3		
artist-photos.tsv:The Lone Bellow (again) @ The Birchmere  ; history/2026.tsv:2026-05-14 The Lone Bellow	https://photos.google.com/share/AF1QipNwu1KEAQX-fJ_ma6C1TQ3T-MPdYb7eTx1wV00haRe585P7y25_vSDFruIsMhFpHA/photo/AF1QipNvPTB2PuFyYcF4gdA3SAV-NB5KG2kw-bDBEjJ7?key=cWhvRnlpQXdoaG52aTFwTjQ5LUNGMFBTeGk3Z2Zn	The Lone Bellow (again) @ The Birchmere 5/14/26 / The Lone Bellow at The Birchmere	bb9360ef-e661-4cce-a6f7-ae7568bcf2d2		bb9360ef-e661-4cce-a6f7-ae7568bcf2d2	https://photos.redhat-bootlegs.net/share/9hD5urakq-waVYuErKQLRZtn5sgCrBAWf7mANY_mY-FDTp8vJkrVU3z7K05gPl8DOhc	3	date:2026-05-14|caption:2026-05-14	
artist-photos.tsv:Gabe Stillman @ JV's Restaurant 5/17/26 ; history/2026.tsv:2026-05-17 Gabe Stillman	https://photos.google.com/share/AF1QipNwu1KEAQX-fJ_ma6C1TQ3T-MPdYb7eTx1wV00haRe585P7y25_vSDFruIsMhFpHA/photo/AF1QipO2I_fEysmRQoCAvK6eA6085MBk_jQJ2P6zvgH1?key=cWhvRnlpQXdoaG52aTFwTjQ5LUNGMFBTeGk3Z2Zn	Gabe Stillman @ JV's Restaurant 5/17/26 / Gabe Stillman at JV's Restaurant	ba7ccd5d-27b6-413d-812f-0b29a2851851		ba7ccd5d-27b6-413d-812f-0b29a2851851	https://photos.redhat-bootlegs.net/share/fzRUsCYX0f5hqQTEQHAdZYC62y_i6NVaPlUfjvx82Xn7nFf96j4_hq6U7wApUunlOhw	3	date:2026-05-17|caption:2026-05-17	
artist-photos.tsv:Jackie Venson (again) @ New Spire Arts 6 ; history/2026.tsv:2026-06-04 Jackie Venson	https://photos.google.com/share/AF1QipNwu1KEAQX-fJ_ma6C1TQ3T-MPdYb7eTx1wV00haRe585P7y25_vSDFruIsMhFpHA/photo/AF1QipOu6Z0aKjrRPvJKoAgr-5vP_RYntkBqZGcw16eW?key=cWhvRnlpQXdoaG52aTFwTjQ5LUNGMFBTeGk3Z2Zn	Jackie Venson (again) @ New Spire Arts 6/4/26 / Jackie Venson at New Spire Arts	c2b0ff98-72e4-4b03-a093-4b7355221f1e		c2b0ff98-72e4-4b03-a093-4b7355221f1e	https://photos.redhat-bootlegs.net/share/Yu9cFtjtC-BFhZewj0xNC72GNydHxM3NnkKGMqhQ-EW6Grg7CfI8a2RZ11KYJrSvROk	3	date:2026-06-04|caption:2026-06-04	
artist-photos.tsv:Meghan Parnell (again) of Bywater Call @ ; history/2026.tsv:2026-07-14 Bywater Call	https://photos.google.com/share/AF1QipNwu1KEAQX-fJ_ma6C1TQ3T-MPdYb7eTx1wV00haRe585P7y25_vSDFruIsMhFpHA/photo/AF1QipO1R6of37p1v-5B6MvMNhQh1TPDaARzoHrFI7BB?key=cWhvRnlpQXdoaG52aTFwTjQ5LUNGMFBTeGk3Z2Zn	Meghan Parnell (again) of Bywater Call @ Collective Encore 7/14/26 / Bywater Call at Collective Encore	007aa614-9929-4786-a42c-26c3ecb53606		007aa614-9929-4786-a42c-26c3ecb53606	https://photos.redhat-bootlegs.net/share/H-62U9omO7mjQw0aIcHTIj0KIKmB8hH857AQ5CECI5EG63kTaDHx8Bv2HUv-yq9Ycwc	3	date:2026-07-14	
artist-photos.tsv:Trombone Shorty & Orleans Avenue @ Wolf  ; history/2026.tsv:2026-07-18 Trombone Shorty & Orleans Avenue	https://photos.google.com/share/AF1QipMoxHT7RCDEjuEcg6oGD2qF-0s_gsOwGb6qRyDPBzREsLe8eAHt7b-MkJqZMOQcAg/photo/AF1QipPJXCdU1ar4_7un3LyxcSmPLD8UK1_k12VOTGkp?key=anM0VlNPcU1MdGRMZGNHbEV3R3FqaTBHWGY0cnFR	Trombone Shorty & Orleans Avenue @ Wolf Trap 7/18/26 / Trombone Shorty & Orleans Avenue at Wolf Trap Filene Center	5ccb2b5a-d49c-4c73-916e-30ec6023be27		5ccb2b5a-d49c-4c73-916e-30ec6023be27	https://photos.redhat-bootlegs.net/share/uu5muORVnczV187U_Q7NJElebAB2Q3UP6M9xfNCMzllWghQufzISFSs8ukRBUUCJqVg	3	date:2026-07-18	
artist-photos.tsv:Sabine McCalla @ Jammin' Java 8/8/26 ; history/2026.tsv:2026-08-08 Anna Moss	https://photos.google.com/share/AF1QipO38o4Mp4oTU08prnW0YodHQBOspm5wQY6yPl0618u68Pk8xPMpOPoEmXuLnbinDw?key=MXpVMDQtMFJpSnE2Q1k4U3NGR01ZY1ZiVXFrTkln	Sabine McCalla @ Jammin' Java 8/8/26 / Anna Moss at Jammin' Java	8ba03678-b2bf-442c-8dfa-1fa1ae6bb6ff		8ba03678-b2bf-442c-8dfa-1fa1ae6bb6ff	https://photos.redhat-bootlegs.net/share/vF7TIiAWuHNHMyzLPxmu1ajbPU20NIsECoR4IhaKZvDiUjBeU5oFbYyV2bx58FEZ1wc	3		
artist-photos.tsv:Tierinii Jackson of Southern Avenue (voi	https://photos.google.com/share/AF1QipP4okVC1dmhqdFQYCtG3Dj-otlovPIhuxi8S9rjFspfU8mSkx37ZdTa5t9qxizuEQ?key=R212M2hVVFV0bU56YVU0aXRPdExuR01yUkRvOFJ3	Tierinii Jackson of Southern Avenue (voice) - Ram's Head On Stage 8/12/26	7c1a66bb-8766-4fdf-af82-6924e48f82c9		7c1a66bb-8766-4fdf-af82-6924e48f82c9	https://photos.redhat-bootlegs.net/share/CoAyG1G3SRrj4wx2IfTtGcv4Wb3O1vCvAQ6YT1tS2_VTGKGBJ_tPhu8FTlJ4wZqAT60	3		
artist-photos.tsv:Ori Naftaly of Southern Avenue (guitar) 	https://photos.google.com/share/AF1QipOFZKlGi4JjLmIpWgUy0WwDbmKqagYFw1BQrtDozv3nx4gA_GKyvfhFwZbQNxyShA?key=SlZfZm1qbWFLdk12VWQ1Z01oOU9sSnRGQWVqRlNR	Ori Naftaly of Southern Avenue (guitar) - Ram's Head On Stage 8/12/26	a5930d8b-3b02-4ad2-a9c5-bd05b8fbdeb5		a5930d8b-3b02-4ad2-a9c5-bd05b8fbdeb5	https://photos.redhat-bootlegs.net/share/XAwjKSNRIT4pbpP4zCLwpKgXhArL1lmn19gVm8QR4EBOyWxlZYVVKqFXw0T7dPpXsus	3		
history/2023.tsv:2023-09-13 Sonny Landreth	https://photos.google.com/share/AF1QipOw7Psbhp59aYEXFb9AzuQ978EHbRUhRWpytn0Ohs9iHaCfrvSvuevLe657osgx7w?key=RnpURl9uaW5fNHl5ajFTM0s3NUpiX3FOSzN5cklR	Sonny Landreth at The Hamilton Live, Washington, DC, USA	9ed4b563-da3d-462d-b505-2219d8c90331		9ed4b563-da3d-462d-b505-2219d8c90331	https://photos.redhat-bootlegs.net/share/NZHwnAT8FSjOFdsDOThWj3hbCT5nx88N56zi1IOTULJFz4C5P3ws2uA88TKPgt_gwHo	3		
history/2026.tsv:2026-08-12 Southern Avenue	https://photos.google.com/share/AF1QipPdPKZ3VllM1OfUH6zKuqPJZ-4wu5ld7KaUK1QjJzYuVxnPLGGegG9esml3MTAS-A?key=ME9qTzc5cWNBN0FERUluWVlmd0ltSjQxQ2ktTS1R	Southern Avenue at Rams Head On Stage	000e8dc3-75ba-4250-a85f-f656278594b1		000e8dc3-75ba-4250-a85f-f656278594b1	https://photos.redhat-bootlegs.net/share/MFn6T6UQQNt_T4PdqZZoojPNXC1PIRJdabSKLMPxdt53Pj9wfCh3WMdV5tM7IYJNHgo	3	date:2026-08-12	
item_log.tsv:1	https://photos.google.com/share/AF1QipPRbnfaNP165w03nX7P8rnPTpCNItgLBGhhOfysFy1IO1DHbMPqtdsuyoEi-B8SUg?key=R3pjY1hGM2Y5ekN1eUhIOHpuZzRtMjJZQ0FzTURB	ZZ Ward vinyl (Liberation LP)	aee81a12-643e-4f5f-b7f4-59f3192749fd		aee81a12-643e-4f5f-b7f4-59f3192749fd	https://photos.redhat-bootlegs.net/share/KWlYN-WGw-5ah7ikYSzOWi2istzYBb6FsZuc8e3fVVECLC6nFLSDPLYnJL2_g_XeXeM	3	date:2026-03-21|face:date	
item_log.tsv:2	https://photos.google.com/share/AF1QipMOlsHS8RNJxItO27zf-ZQ0_mxIA0uw9nsCJChvDfRrStJaqbEc-KLqgMTRXX3fmQ?key=NHlxOVYzdUtjdXhnVUhBcUM2NWV4dk5LaEsxakJn	Selwyn Birchwood CD (Electric Swamp Funkin' Blues)	3986a64d-0a99-44c9-bf88-692dcf44575a		3986a64d-0a99-44c9-bf88-692dcf44575a	https://photos.redhat-bootlegs.net/share/mwlH5zhIMpItpGG3Silybra-hFVPj6LIKMdFCz4W-qJD7Uk1bkg1GeoS0ad6XmMBMrE	3	date:2026-03-29|face:date	
item_log.tsv:3	https://photos.google.com/share/AF1QipO4GqKHizo7Oh1m1DcFqGChcpGXEoKuzJzSkzMQBq6se4eQAGA_7b4NNZlWqTOing?key=Q1lWeFpLQk9HZ2dNNG9tNTZReGsyYmloMUFReXFn	Tommy Castro CD (Closer to the Bone)	5352d0db-eb35-496f-a9b2-27fe511a19c6		5352d0db-eb35-496f-a9b2-27fe511a19c6	https://photos.redhat-bootlegs.net/share/KNvLLJTybNr8aJu4cDMNuG_hE_yrzVrX_dS-zQAiTyc_vzC2RVyhp41jlaWJQByI1mk	3		
item_log.tsv:5 ; item_log.tsv:6 ; item_log.tsv:7	https://photos.google.com/share/AF1QipOIyxv4wZZHFsmlPAkbh8X77xC2SaadD4vYer7gLxu2Z9Ioo0c6BsfxkbnCHZwIGQ?key=SldmamVFM3IxMHFoY0FSY2VxeW5wVFFZeGtzMkpB	Zach Williams portrait print / Kanene Pipkin portrait print / Brian Elmquist portrait print	28db4007-980d-4ca6-b706-f725e3fa3a2c		28db4007-980d-4ca6-b706-f725e3fa3a2c	https://photos.redhat-bootlegs.net/share/cFB4V1Uw5tNfln6TESdUSXMnxF3rEaSv45LBY6XGMFo4wJaF1BwmYZoGG4ytcylneOE	3	date:2026-05-14	
item_log.tsv:8 ; item_log.tsv:24 ; item_log.tsv:25	https://photos.google.com/share/AF1QipNdjbepABJkPTjOb-X1T2PyvIgpR_iTtLB7XoF47th38ODdwP8F09cZX0gbFVYcJg?key=cXZmZGphUHJXeEhGX05xZmItMVhBUVBqM3hsWndR	Zach Williams poster (2026 tour) / Kanene Pipkin poster (2026 tour) / Brian Elmquist poster (2026 tour)	2d4fea16-88d5-4da9-8443-a0c6d411ead2		2d4fea16-88d5-4da9-8443-a0c6d411ead2	https://photos.redhat-bootlegs.net/share/EOb9xnovSVFl1hd7IkFZPRcKI-5RslAAdM5H2wNE7LsR0qCuXRrb55NCPGfS6wt0ZcQ	3	date:2026-05-14	
item_log.tsv:12 ; item_log.tsv:13 ; item_log.tsv:14 ; item_log.tsv:15	https://photos.google.com/share/AF1QipNTakvZ6m1PdFylSz0OIZlfWt6sUjMiPfFC_LsAb7JaghL2PL5t1vw0SVcbXvX4Ow?key=XzBRMWlTVjFMOVo0RXNfTWJkRG1nYkJ3ZlgzY3hB	Ori Naftaly poster (show poster) / Tierinii Jackson poster (show poster) / Ava Jackson poster (show poster) / Tikyra Jackson poster (show poster)	000e8dc3-75ba-4250-a85f-f656278594b1		000e8dc3-75ba-4250-a85f-f656278594b1	https://photos.redhat-bootlegs.net/share/QBBsPfkUqEbxs-qb6hS3recd8u2KeNDkJ2QOxCzh-b3AgNNssNklxPOe4WxApximtUA	3	date:2026-08-12	
item_log.tsv:16	https://photos.google.com/share/AF1QipP1Ij6dIlZArWXqpr291x2w5tyq9z-BL4-YKZzIu2o4VrZX_7DiInE8fFa5FdPm6g?key=VGZDb2FFc3dkLS1QX1V3dkFOTW1TWVNDTF8xRVVR	Christone 'Kingfish' Ingram pick	51b7a92e-1848-4e23-95f2-704d26d5b9c9		51b7a92e-1848-4e23-95f2-704d26d5b9c9	https://photos.redhat-bootlegs.net/share/fb5_IKxQLsdJ-ACeQ8EtlnhrbldrrVane92Qa9B2q8xIlsoWvTY5fehjLgfOBgzjM_I	3	date:2024-06-27	
item_log.tsv:17	https://photos.google.com/share/AF1QipPw9hfa1dk63jV8h14WDXXEcjS9bHwel0QQazROfhUVhvMjQRDdI0dtvXd3QwMxuw?key=QnBSVXVLdHZIdjh5TlNkeGFrUkZ1ZXdYeUJsYWZn	Christone 'Kingfish' Ingram pick	82a315db-9a82-4c08-9317-56d308b05a98		82a315db-9a82-4c08-9317-56d308b05a98	https://photos.redhat-bootlegs.net/share/3oha-6hn6wUq9GIrtLYPldTLXYmcjdHhhD4GCP9CkU1EOo2UFbmqaRFz2NzlEVxPncY	3		
item_log.tsv:18	https://photos.google.com/share/AF1QipMRZTOTfUMTFddiLFxbfb0d2nEUOhDNmWVP5wkz_Y6PGKjpzFybLgpi6alhi0OKwg?key=dG5rQWNmU3diRXZwTDk2cU9CWU5HMlM5SmJmMXRR	Slash pick	e3633fc7-be3d-47e4-835e-b352f6dbee26		e3633fc7-be3d-47e4-835e-b352f6dbee26	https://photos.redhat-bootlegs.net/share/Ez75dUWo9CmYslENHxwkoUshA9YuoUlgWiegtMOSps5jL3-B7FJlftT8dOWwIpL8OyI	3	date:2024-08-07	
item_log.tsv:19	https://photos.google.com/share/AF1QipOG1q_MnfaC7ITBIiJ8Du6wXG2PDoiWEJsMkROE2KxPy1ZnkYKnsUGZu_s7wrHP4w?key=U2M1d2xIVGhYTGRIUE1za2NqbEdtYmhLRW5DNDdR	ZZ Ward pick	8aa6bd66-19b4-4a72-aa46-3a762b9745f2		8aa6bd66-19b4-4a72-aa46-3a762b9745f2	https://photos.redhat-bootlegs.net/share/W1qJbHpJLZLISfyGxvXObW4Phq6r71Tn6h9JCrHNF_lokBLK_fZIPxYeeKbqn9RAOx8	3	date:2023-09-08|face:date	
item_log.tsv:20	https://photos.google.com/share/AF1QipO7cMlYoiydYwQjrMNCfphv8vX7gHUZACyqiiOW5n5W9yJVYucWR779ojK-TmGSYQ?key=M0xnLTRpSHVKVWdtemhoVGJlUjRtRmoyZi1vUVFB	Sue Foley poster (One Guitar Woman)	3c7046d0-4b2d-432d-b937-b1e4d6c985ff		3c7046d0-4b2d-432d-b937-b1e4d6c985ff	https://photos.redhat-bootlegs.net/share/-mz9xYbD-rpz6sLL9hv3j8-yrux-Igm63Bbq_jlT9gD0LCDJ1rh_FZ29hLBDgiAqQp0	3	ocr-name	
item_log.tsv:21 ; item_log.tsv:22 ; item_log.tsv:23	https://photos.google.com/share/AF1QipN3MlSSZ4A-UXDkBpXnHE9OYgKza-ch6iX1cq44ijnlJCnfFE9YJuqVQAPPSeBD0A?key=Ymp4SXhMQXo4SlF3RXVkOHFJcWh2aHNXaVBoR0Zn	Zach Williams poster (2025 tour) / Kanene Pipkin poster (2025 tour) / Brian Elmquist poster (2025 tour)	6420e14a-5922-4f2a-b216-be0db8c118af		6420e14a-5922-4f2a-b216-be0db8c118af	https://photos.redhat-bootlegs.net/share/u_ldJsJbfNuJJbryztTWMx662ROT1YV3LiFa45gMoI0smtHg-Ck7pBao-Sx3dB7kXiI	3	date:2025-11-14	
item_log.tsv:73	https://photos.google.com/share/AF1QipNR4XH4rp3M0TVDhko6qsiHxlbjTVzB2qDEYanwUvGvZfEr5zL93fZRBoIhdDHwFw?key=aV9BRmROU19WMGpMVFZQLTVYaHEtallsSkxLQ1hn	Anthony Gomes CD (Praise the Loud)	14da19a9-9ff9-4d06-87b7-0771c022612f		14da19a9-9ff9-4d06-87b7-0771c022612f	https://photos.redhat-bootlegs.net/share/yPlJ-mk2hr7EQrx0NGkH_LvgStMLmcppIZ2pW00ZCDoqyvs5HB4FRf-XJ2Tr5K6Rn5A	3	date:2026-06-05	
item_log.tsv:75	https://photos.google.com/share/AF1QipPG0OO6zAcjA32cw3uI_3Jg06VHNuLS7xpRYe8CiHaScpOSTIy8Fj5YhIR-KO3Egw?key=THNQYUNLWW9JVlEwSnhMSVg2aFpvNWZwSVdJT0pR	Amythyst Kiah CD (Still & Bright)	24554efa-e0fe-455e-90de-ade4ae113639		24554efa-e0fe-455e-90de-ade4ae113639	https://photos.redhat-bootlegs.net/share/xa65eOvTIIavFUvvZKYRtiXQ7IMzn2sn9mUjI-kvHdizfAv9EKbqCgUrTQyQgKmlBNI	3	ocr-name	
item_log.tsv:76	https://photos.google.com/share/AF1QipPjGX7pI-ojqE8oxTtaV-Rx3KryKZArU1n-jS44B2nHYjcpO5P42SAHc-B1peI5Zg?key=LTEyX2dEbEt1aGhmMU9USHFrbTh3VmVlcmMwVUVn	Margaret Glaspy CD (Devotion)	b078371c-fc07-47b5-a534-7b490e2e7997		b078371c-fc07-47b5-a534-7b490e2e7997	https://photos.redhat-bootlegs.net/share/vzU-4ckKuP2920i2d9JWGHeIFa1EF_v6sVpTSosl8hE__m4Srhq1d0vZaxRGEh5DSHU	3	date:2026-04-12	
item_log.tsv:77	https://photos.google.com/share/AF1QipN0kmmwDnL6KerYTq5BYXZM-Dxyt5mfKsV0NF4dpn298AEhNKdnwyBCm2-jF0fubQ?key=cUZxck5zamF2WWd0X0ZicGRLeFQyc3hWR0xSN0NB	Matteo Mancuso CD (The Journey)	461abc2c-a441-4725-8a3b-6e82ec30131e		461abc2c-a441-4725-8a3b-6e82ec30131e	https://photos.redhat-bootlegs.net/share/_KIzWZlwE0e1li0JDaQ8E4QVrtgraKCNQFiHVVkuB4cKuqARW3hwMTtwh_7ZBBD5Bu8	3		
item_log.tsv:78	https://photos.google.com/share/AF1QipP6VWMFTEm18uJFUGmTCPq1qMiibsOekwybTdWUQUfwDHbFEBxrCr5HjX6H-xmTDQ?key=dkFybE9Ua2ZZbmJJb3VFNDVESWZmMTVETkdGM293	Samantha Fish setlist (printed)	b4fd6c41-d5b9-443c-8a3a-a25573f6aa24		b4fd6c41-d5b9-443c-8a3a-a25573f6aa24	https://photos.redhat-bootlegs.net/share/c7b9FPrA8XkGRMRsKAiXQnihBLGPqRB4S6gX0Wii_yCiB91QEvqUItvt4TXVBglU4Pw	3	ocr-name	
item_log.tsv:79	https://photos.google.com/share/AF1QipPKHAATyv31gdtrFY8lkrJmk5PNvQQbgyH9Ai8g-AnvfV_6UQRESomCd1Ez2viYeA?key=RURXdkt4aXZKVjFqLW1fT3Axc05LNkFFUjlsSjVR	Mike Zito setlist (printed)	04458858-f2f7-44be-a811-7623db32f5d9		04458858-f2f7-44be-a811-7623db32f5d9	https://photos.redhat-bootlegs.net/share/bEcyQ4O0cOOf90FiRjE5ai_B2oqHL1R2-MV7tUdkRk_Fs_84IhWDzc8n1MvfuXeqjzw	3		
item_log.tsv:80	https://photos.google.com/share/AF1QipMu85ukiIxQ4lFyTZFB2CHZ53nUM5hmmtBB9_YQ2M6q8exi1Awy0ztJkU4rZoVSzA?key=bm9oMU1QeWlxZ3MtOVNaQm9fbFI1OVdBZTNKYWRR	Suzanne Vega setlist (printed)	f0cd6769-c649-4924-87e3-5d96ae717814		f0cd6769-c649-4924-87e3-5d96ae717814	https://photos.redhat-bootlegs.net/share/cklJ2PbDN9FBTFVtZpI5K5eRNN61nNIopAEvEeqWsRw0z_SWgg_TRxnUQDjzsqFsUqA	3	ocr-name	
item_log.tsv:81	https://photos.google.com/share/AF1QipP9ZgHflfWm_8fX8aOqK5FCRPzE-dJhAvGq35TvOJ74CXFJLNgM5FYl-YjGgxMzsg?key=Vjl1T1d6enNGeTJITWU1Szd3dGJnM0lidzk0dnRR	Suzanne Vega setlist (printed)	d0605c83-c1f8-413d-8f1d-1bd6811ec26e		d0605c83-c1f8-413d-8f1d-1bd6811ec26e	https://photos.redhat-bootlegs.net/share/1zdrpS93wyPRfYVmXFj2R2o2zEj6FItVBmtEHlv7GXHDkuBqpXyjjMklFTIL5Q5aoRQ	3	ocr-name	
item_log.tsv:82	https://photos.google.com/share/AF1QipPsG-4Xup9glxT1SFNrqyOfa6qTx8uzGvibXgHMpeMOO0Mixr2K66rlyqtiCsxv5A?key=UDFyeFZyZ1pMV2gzNmlOVG1UdndZU2xMTk52NWR3	Sue Foley setlist (printed)	e98f98f6-d1d7-4893-ba79-89e8520ddb1a		e98f98f6-d1d7-4893-ba79-89e8520ddb1a	https://photos.redhat-bootlegs.net/share/M4gWJkFdmyfFOwLamSLKkOm0PyuWto_N0KX_SMOo40SLrMk81s6RxO1u4bbNl9ZKSek	3	ocr-name	
item_log.tsv:83 ; item_log.tsv:84 ; item_log.tsv:85 ; item_log.tsv:86	https://photos.google.com/share/AF1QipOJRpgKFcr8R5_0OKS53LsPLtvkdpaii7lY2wgIuDObBOoMgWfs71YH5QzKlv3ECw?key=dXUtSU9yQ1MwUm1MZEoybU5QcFdyZ0RMMDRNM0xR	Judith Hill setlist (handwritten) / Pee Wee Hill setlist (handwritten) / Michiko Hill setlist (handwritten) / Shadrack "Shaddy" Oppong setlist (handwritten)	6536bc07-e28d-4245-80e5-7079f33323e0		6536bc07-e28d-4245-80e5-7079f33323e0	https://photos.redhat-bootlegs.net/share/tUzCcoZnMhuuZPoFu4U2pNSv-DB7nTXVOefNTd5Yq-CitCDVbLqzCbJ_Kf_La9hCp7I	3	ocr-name	
item_log.tsv:87	https://photos.google.com/share/AF1QipPvKVBTfl3-Qh-v3k1uv2sm9dzlJfa-YuBZUDEHOfN8X5pMXviuR8gMnl5FPgJzHA?key=UjdSR0tDdnFJOEs4ckZmbWl6blRZR0pEWXVFZzlR	Kanene Pipkin setlist (printed)	664a1d55-1f0e-43d5-81bd-0262e4d8b0f6		664a1d55-1f0e-43d5-81bd-0262e4d8b0f6	https://photos.redhat-bootlegs.net/share/dQRkeghCQzFkP4uLWcHMnGNemvQoABPrL0OS2Cl6Xq7ZJd3zDubEIgVT8qchWakVN5U	3	date:2025-11-14	
item_log.tsv:88	https://photos.google.com/share/AF1QipNDe1j7-yb8IRqT1_TiM-eaKqRpiCh6fEJNo4hQYJjm-FWWpkWFRz6onJGERA0F-g?key=Q28xX0JGR19iaFRYQjBNdjhXdDhINFgzS2FXMWx3	JJ Grey setlist (printed)	bb09616e-0b9c-468a-a048-4eeed6e76145		bb09616e-0b9c-468a-a048-4eeed6e76145	https://photos.redhat-bootlegs.net/share/786PlvcdZA5GPTwd2MtIUk2SxBTpYHETYT_6iH8XtgOujzf0p2CUdaw6CW4yL3cF8jY	3	date:2024-04-13	
item_log.tsv:89	https://photos.google.com/share/AF1QipP5vp9_BKvnDtbT84y_IXEhWM_2dSyz1yFf7VVWNHeLSMItYvktaZOAQwpGzah9Kw?key=d0cwcHlJeVEwNFVMbXhIYkpLZGVXN0dUOHJHc29R	Kingsley Flood setlist (printed)	3e1a0a68-ad00-4637-81e4-8bdc3c203367		3e1a0a68-ad00-4637-81e4-8bdc3c203367	https://photos.redhat-bootlegs.net/share/8Stj_ZXNKpPcbwi060_eQIwG4oAmUU6C_yQ7KIyEGFHwWNF2yW1kpwhW-9o97m3EFxg	3	date:2023-09-09	
item_log.tsv:90	https://photos.google.com/share/AF1QipNgwRe2LYvOEPVEUdaJ9nMXlhWma1HyeEfXAVPPKXXMhLqQ-__H16tPaz92JYJ8nw?key=dEJnTGlDQU5UbXpYNm1fMmltdUlFUWZjNWowNEpB	Sonny Landreth setlist (printed)	061dee9f-0a96-42be-a8f1-aa26994b87ea		061dee9f-0a96-42be-a8f1-aa26994b87ea	https://photos.redhat-bootlegs.net/share/9fnDj2rkk2j3EpXTNOBW8Hbqg8lE5JY4WjDIKfWT403B51-MggDa1uQf1cpJfijpafU	3	ocr-name|ocr:7songs	
item_log.tsv:91	https://photos.google.com/share/AF1QipOA_r8wjiCimOIdiXg4u8Pu0iSPvsi_oyN1hDWBn9s5K8nRnGL_pwLFL-xb_WUT2w?key=dGgzVVJ2V2FQemFkdzZWNENZVDktSzg2azcyaHRB	Danielle Nicole setlist (handwritten)	705ebe43-69b4-4207-bff1-9fbd223656ae		705ebe43-69b4-4207-bff1-9fbd223656ae	https://photos.redhat-bootlegs.net/share/QlfuW7S3OzgRSpjkjWbIOO7Dux8y3q0uQjzWDVlz8zaPhOSuyToRbG1OX3SuM1_MZeM	3	ocr-name	
item_log.tsv:92 ; item_log.tsv:93	https://photos.google.com/share/AF1QipOYkKXMbmLIWyem7ObZEosLVeYXj3VbiGF5wdiTWdzFyZmc4Ts35x6Z3W72v6SfdA?key=Q0F4R1l4eGxOT2NqN3JLSW54ZGFUdVEwVmlaRnVB	Mark Rinzel setlist (printed) / Alan Camlet setlist (printed)	397895eb-7b22-4938-8fbe-652aba3fdc4e		397895eb-7b22-4938-8fbe-652aba3fdc4e	https://photos.redhat-bootlegs.net/share/chfN8yGVl6a60Gq6mALvNa3s6__taBEmNv5B2v5nBN_To82zKuSk0GpOBQveCdk4L_k	3		
item_log.tsv:94	https://photos.google.com/share/AF1QipOfYFYLhczu1DrAglad3NN85SlS4XgVFT5cVkP51LJq2QisFNTtUvXyQlJ8_b2HUQ?key=aXJhSmJ3cTFNVndvaF9Ba0JRUjNmeU90ejl4R1FB	Enter the Haggis setlist (printed)	16718932-a2f8-4a9a-ab4e-f872115e26f5		16718932-a2f8-4a9a-ab4e-f872115e26f5	https://photos.redhat-bootlegs.net/share/Ju6aYWKf_YlUWGGG2PSqylb_RTnItKkkwC-er4cebfB6fxDW-LHvOyd-5FtT_rXSvrI	3		
item_log.tsv:95	https://photos.google.com/share/AF1QipNVDgvTwjoUZsep1aH5fLYKuFNtd3xTKJtUd51XEEPg-iZ1JYPMYltfhP7VSjlb_Q?key=dkRBQU16c2g4TkF5TTVodlRHRGRhc0tKVnM1Uzh3	Kanene Pipkin setlist (printed)	3bdf23d7-ab15-4eca-8f9d-50d7b16b7c28		3bdf23d7-ab15-4eca-8f9d-50d7b16b7c28	https://photos.redhat-bootlegs.net/share/XyAGk6xXQ3yRTX92cz-FGft-_thblNsJTaH51Megwrz8vvcnHP3rTyLIkqdFMp57haE	3	date:2023-11-26	
item_log.tsv:96 ; item_log.tsv:97	https://photos.google.com/share/AF1QipNdsTpL2rZd-CwmB-Ti9MFLyybS7LPGquDiOzZbq1SGy-3d4_nFbwuIMQlBZ2Ku9Q?key=NE5GMjZTbDgyQ0g2QmROcThpOHFUa0g4ZkpaUmpn	Laura Rogers setlist (handwritten) / Lydia Slagle setlist (handwritten)	32be5736-c6b5-4439-97bd-4551e8f38ecc		32be5736-c6b5-4439-97bd-4551e8f38ecc	https://photos.redhat-bootlegs.net/share/20gI-pIWtLTzdtEOEM6AbIveC09DpCr5wTHKNdJxyBvubyeO_6aM2qP5yuf70ble2zI	3		
item_log.tsv:98	https://photos.google.com/share/AF1QipMWE40Z5q_AfrqwMDiNgg_f8N9E3Pt0xm8yHUUcXdI4vaPpyUQNfzGeAvUATgvfqA?key=M0piVnNFRkY2aVdHbk56SnNjS0s0bWo4TGdYdFJn	ZZ Ward setlist (printed)	3f64eadf-8400-428b-9376-1794be723e11		3f64eadf-8400-428b-9376-1794be723e11	https://photos.redhat-bootlegs.net/share/TCI_jcknAUp5FRYFoRvl6SDQDSWFwh4H5vt0ASj2Ra_qgROZbR1AFZpb-M-lP1E1Ab8	3	date:2023-09-08|face:date	
