Canonical	Medium	Short
Allman Betts Family Revival: A Decade of Revival	Allman Betts Family Revival	
Alsarah & the Nubatones	Nubatones	Nubatones
Anthony Rosano and The Conqueroos	Anthony Rosano	
BEAT (Belew/Vai/Levin/Bozzio)	BEAT	BEAT
Big Sandy & His Fly-Rite Boys	Big Sandy	Big Sandy
Caitlin Krisko & The Broadcast	Caitlin Krisko	
Chris Jacobs & Friends	Chris Jacobs	
Christone 'Kingfish' Ingram	Kingfish Ingram	Kingfish
Dale Watson & His Lonestars	Dale Watson	
Derrick Dove & The Peacekeepers	Derrick Dove	
Dior Ashley Brown and the Filthy Animals	Dior Ashley Brown	Dior Brown
Elvis Costello & The Imposters	Elvis Costello	
George Clinton & Parliament-Funkadelic	Parliament	Parliament
J & The Causeways	Causeways	Causeways
JJ Grey & Mofro	JJ Grey	JJ Grey
Joan Jett & The Blackhearts	Joan Jett	
Josh Hoyer & Soul Colossal	Josh Hoyer	
Kelli Baker Band	Kelli Baker	Baker
Larry Keel Duo	Larry Keel	Keel
Lil' Ed & the Blues Imperials	Blues Imperials	Blues Imperials
Marty Stuart and His Fabulous Superlatives	Marty Stuart	
Mike Campbell & The Dirty Knobs	Mike Campbell	
National Symphony Orchestra	NSO	NSO
Nick Lowe & Los Straitjackets	Nick Lowe	
North Mississippi Allstars	N. Miss. Allstars	NMAS
Piper & The Hard Times	Piper	Piper
Rebirth Brass Band	Rebirth Brass Band	Rebirth
Robert Cray Band	Robert Cray Band	Robert Cray
Robert Jon & The Wreck	Robert Jon	Robert Jon
Sarah Borges & Eric Ambel	Borges & Ambel	Borges & Ambel
SatchVai Band	SatchVai Band	SatchVai
Shaw Davis & The Black Ties	Black Ties	Black Ties
St. Paul & The Broken Bones	Broken Bones	Broken Bones
TajMo: The Taj Mahal & Keb' Mo' Band	TajMo	TajMo
Tedeschi Trucks Band	Tedeschi Trucks Band	Tedeschi Trucks
The Allman Betts Band	Allman Betts Band	Allman Betts
The Avett Brothers	Avett Brothers	
The Beanstalk Library	Beanstalk Library	
The Bros. Landreth	Bros. Landreth	
The Budos Band	Budos Band	
The Devil Makes Three	Devil Makes Three	
The Dip	Dip	
The Dirty Dozen Brass Band	Dirty Dozen Brass Band	Dirty Dozen
The Fabulous Thunderbirds	Fabulous Thunderbirds	Thunderbirds
The Family Crest	Family Crest	
The Heavy Heavy	Heavy Heavy	
The Hip Snacks	Hip Snacks	
The House You Grew Up In (THYGUI)	THYGUI	THYGUI
The Iguanas	Iguanas	
The James Hunter Six	James Hunter Six	James Hunter
The Jesse Williams Band	Jesse Williams Band	Jesse Williams
The Lone Bellow	Lone Bellow	
The North Country	North Country	
The Pietasters	Pietasters	
The Pinkerton Raid	Pinkerton Raid	
The Record Company	Record Company	
The Roots	Roots	
The Secret Sisters	Secret Sisters	
The Side Cars Band	Side Cars Band	Side Cars
The Soul Rebels	Soul Rebels	
The Steepwater Band	Steepwater Band	Steepwater
The Teskey Brothers	Teskey Brothers	
The War and Treaty	War and Treaty	
The Wildmans	Wildmans	
The Wood Brothers	Wood Brothers	
Tommy Castro & the Painkillers	Tommy Castro	
Trombone Shorty & Orleans Avenue	Trombone Shorty & Orleans Ave.	Trombone Shorty
Zedicus & Abyssinia Roots	Zedicus	Zedicus
