Show Date	Billing	Act	Role	Shape	Status	Review After	Notes
2023-06-11	Samantha Fish & Jesse Dayton	Samantha Fish	principal	joint-set	confirmed	-	full set together
2023-06-11	Samantha Fish & Jesse Dayton	Jesse Dayton	principal	joint-set	confirmed	-	-
2023-12-03	Samantha Fish & Jesse Dayton	Samantha Fish	principal	joint-set	confirmed	-	full set together
2023-12-03	Samantha Fish & Jesse Dayton	Jesse Dayton	principal	joint-set	confirmed	-	-
2023-12-05	The Allman Betts Band	Tal Wilkenfeld	guest	-	confirmed	-	sat in
2023-12-05	The Allman Betts Band	Jimmy Hall	guest	-	confirmed	-	sat in
2023-12-05	The Allman Betts Band	Ally Venable	guest	-	confirmed	-	sat in
2023-12-05	The Allman Betts Band	Ghalia Volt	guest	-	confirmed	-	sat in
2024-07-18	Tab Benoit & Anders Osborne	Tab Benoit	principal	joint-set	confirmed	-	own songs within one set; both on stage throughout
2024-07-18	Tab Benoit & Anders Osborne	Anders Osborne	principal	joint-set	confirmed	-	-
2025-01-22	Langhorne Slim	Langhorne Slim	principal	alternating	confirmed	-	ledger has Oliver Wood as support
2025-01-22	Langhorne Slim	Oliver Wood	principal	alternating	confirmed	-	-
2025-06-08	TajMo: The Taj Mahal & Keb' Mo' Band	Taj Mahal	principal	joint-set	confirmed	-	-
2025-06-08	TajMo: The Taj Mahal & Keb' Mo' Band	Keb' Mo'	principal	joint-set	confirmed	-	-
2026-05-30	SatchVai Band	Joe Satriani	principal	alternating	confirmed	-	invented name for the co-bill
2026-05-30	SatchVai Band	Steve Vai	principal	alternating	confirmed	-	-
2026-08-08	Anna Moss	Anna Moss	principal	separate-sets	confirmed	-	each played in the other's band
2026-08-08	Anna Moss	Sabine McCalla	principal	separate-sets	confirmed	-	-
2026-11-18	Bill Murray and His Blood Brothers	Mike Zito	principal	joint-set	assumed	2026-11-18	Blood Brothers
2026-11-18	Bill Murray and His Blood Brothers	Albert Castiglia	principal	joint-set	assumed	2026-11-18	Blood Brothers
2026-12-15	Sue Foley & GA-20	Sue Foley	principal	alternating	assumed	2026-12-15	-
2026-12-15	Sue Foley & GA-20	GA-20	principal	alternating	assumed	2026-12-15	-
