Artist	Support	Date	Decision	Watching For	Venue	Venue City	Tier	Ticket Service	Purchase URL	Event URL	Face Price	Fees Notes	Availability Notes	Prev Show (2026)	Next Show (2026)	Notes	BIT URL	Box Office
Sadurn	kitchen	2026-11-09 Mon	Buy	-	The Atlantis	Washington DC	Medium	Ticketmaster	https://www.ticketmaster.com/sadurn-washington-district-of-columbia-11-09-2026/event/15006506C3F298AB	https://theatlantis.com/e/sadurn/	$25.00	$7.50 service fee.	On sale now via IMP Concerts newsletter (2026-08-14).	2026-11-07 Shemekia Copeland (Hylton Performing Arts Center)	2026-11-17 Samantha Fish (The Fillmore Silver Spring)	Female-presenting lead vocalist (already Yes in hat_eligibility.tsv) but not previously tracked in current/potentials. Tier unconfirmed - no follows_master entry found this session. Surfaced via IMP Concerts on-sale newsletter 2026-08-14. w/ kitchen (support). Reconfirmed on sale via IMP Concerts newsletter 2026-08-17 (redundant).	-	-
Jake Xerxes Fussell	-	2027-03-20 Sat	Buy	NO SHOWS calendar conflict	The Miracle Theatre	Washington DC	Strong	-	-	-	TBD	TBD - not yet on sale.	Surfaced BIT DC Recommends 2026-10 (3 tracking) + HFTB 2026-10; on-sale details not yet published. Calendar checked 2026-10-03 - Mar 20 2027 is the FIRST DAY of the NO SHOWS block (Mar 20-27, out of town), the same block as Robert Jon & The Wreck (The Birchmere, Mar 25); a deliberate exception to the calendar rule, as that one was.	2027-02-28 Rhiannon Giddens (The Anthem)	2027-03-25 Robert Jon & The Wreck (The Birchmere)	Strong follow (seen + bandcamp). Not hat-eligible (male solo artist). The Miracle Theatre (Barracks Row, 8th St SE) is not in venues.tsv yet - add a row when ticketing lands.	-	-
Angélique Kidjo	-	2027-04-25 Sun	Buy	-	GMU Center for the Arts	Fairfax VA	Strong	Tickets.com / CFA box office	https://cfa.calendar.gmu.edu/ang-233-lique-kidjo	https://cfa.calendar.gmu.edu/ang-233-lique-kidjo	$50 balcony / $65-$80 orchestra	Online fee $4-6/ticket per CFA standard. Mason Pond Parking Deck (paid) or free Lot K for Great Performances events.	Individual tickets on sale 2026-08-04. Show 7:00 PM.	2027-04-01 Rabbitology (New Spire Arts)	-	5x Grammy winner. Beninese singer-songwriter; West African + R&B/funk/jazz fusion. Ultra-high-energy live performer. HAT: Angélique Kidjo (female, hat eligible). 1,935-seat Concert Hall. First time at this venue.	https://www.bandsintown.com/a/45943-angelique-kidjo	-
Eric Gales	-	2026-11-01 Sun	Choose	-	Rams Head On Stage	Annapolis MD	Strong	Seated / AXS (Rams Head)	https://seated.link/40da74kwqfcc	https://seated.link/40da74kwqfcc	$50.00	$15.73 service fee. $9.45 parking standard.	Just announced via Seated artist-follow alert 2026-08-10. Good sightline seats already gone as of 2026-08-16.	2026-10-24 Daniel Donato's Cosmic Country (Lincoln Theatre)	2026-11-03 Ally Venable (Hamilton Live)	Anchor artist - electric blues/blues-rock, core taste-profile signal. Standalone Rams Head On Stage date; no calendar conflict, though it lands just before the Nov 2-6 NO SHOWS/possible-business-trip block. Surfaced via Seated artist-follow alert 2026-08-10. Update 2026-08-13 (Bandsintown): this is a collaborative bill with Billy Sheehan (bass, Mr. Big/Talas) and Dennis Chambers (drums) alongside Eric Gales - not a solo Eric Gales headline show as originally assumed.	-	-
Joy Oladokun	-	2026-11-13 Fri	Choose	public GA on-sale Fri Jul 31	Howard Theatre	Washington DC	Medium	TicketWeb (Union Stage Presents)	https://www.ticketweb.com/event/joy-oladokun-the-heavy-things-howard-theatre-tickets/14275204	https://go.seated.com/tour-events/5db70f01-cfa4-4ad9-906b-09846b4ae6f1	$30.00 GA Standing	GA fee $9.39 (all-in $39.39).	Artist presale live via Seated code; public GA on-sale Fri Jul 31 per go.seated.com tour page. Doors 7:00 / show 8:00 PM. All ages. Nov 13 (Fri) calendar verified open.	2026-11-07 Shemekia Copeland (Hylton Performing Arts Center)	2026-11-17 Samantha Fish (The Fillmore Silver Spring)	The Heavy Things Tour - Hope Is A Heavy Thing (Sep 25 2026). Seated option confirmed: Balcony Row seats $67.50 all-in, first-come first-serve. Same-night War and Treaty (Fillmore) already passed. First time at Howard Theatre if purchased. HAT: Joy Oladokun (female, hat eligible). Surfaced Strategy research 2026-07-25.	https://www.bandsintown.com/a/9121307-joy-oladokun	-
Allman Betts Family Revival: A Decade of Revival	Robert Randolph / Judith Hill / Larry McCray + more	2026-12-07 Mon	Choose	on sale Fri Aug 21 10AM ET	Capital One Hall	Tysons VA	Strong	Ticketmaster	-	https://allmanbettsfamilyrevival.com/	TBD	TBD - not yet on sale.	Presale running as of 8/19-8/20; general on-sale Fri Aug 21 10:00 AM ET. ON SALE calendar reminder set (Fri 8/21 9:55am). Calendar checked - Dec 7 open (Eddie 9V is Dec 6, ends before).	2026-12-06 Eddie 9V (Union Stage)	2026-12-10 The Wood Brothers (The Birchmere)	10th annual Allman Betts Family Revival: "A Decade of Revival" - Devon Allman & Duane Betts (Allman Betts Band) lead a rotating all-star tribute to the Allman Brothers Band songbook; two sets per show (1970s catalog + 1990s renaissance). Dec 7 Tysons lineup per Blues Rock Review's date-specific breakdown (NOT the generic tour-wide roster, which also lists Sierra Hull/Andy Frasco on other dates only): The Allman Betts Band, Robert Randolph, Judith Hill, Andy Frasco, Luther Dickinson, Jimmy Hall, Steel Beans, Larry McCray, Cody Dickinson, Alex Orbison, Abby Stachschmidt. Sierra Hull appears on other dates (Nov 30 Ryman, Dec 5 Beacon) but is NOT confirmed for this date - do not assume she's on this bill. Robert Randolph, Judith Hill, and Larry McCray are all already tracked/seen per follows_master (Randolph seen 3x, Hill seen 3x). Surfaced via BIT ("Larry McCray - Just Announced") and Seated ("Judith Hill just announced") artist-follow alerts 2026-08-18, cross-referenced with Ticketmaster newsletter 2026-08-19/20.	-	-
Tab Benoit	Bonerama	2026-12-07 Mon	Choose	on sale Fri Oct 2 10AM ET	Rams Head On Stage	Annapolis MD	Strong	AXS	https://www.axs.com/events/1626541/tab-benoit-w-bonerama-blues-and-brass-winter-tour-tickets?skin=ramsheadonstage	https://www.axs.com/events/1626541/tab-benoit-w-bonerama-blues-and-brass-winter-tour-tickets?skin=ramsheadonstage	TBD	TBD - not yet on sale.	Not yet on sale; on-sale Fri Oct 2, 2026 10:00 AM per AXS listing. Doors 7:00 PM / Show 8:00 PM.	2026-12-06 Eddie 9V (Union Stage)	2026-12-10 The Wood Brothers (The Birchmere)	Blues and Brass Winter Tour. Rams Head On Stage date on the same tour as the Dec 15 Birchmere date, which collides same-night with Sue Foley & GA-20 (Capital One Hall, Dec 15); this Dec 7 date is the alternative that resolves that collision by moving nights rather than dropping either show. Same date as Allman Betts Family Revival (Capital One Hall, Tysons, Dec 7) - a choice between the two still to make, not a reason to drop either. Calendar checked 2026-09-26 - Dec 7 has no other personal-calendar conflicts.	-	-
Kermit Ruffins	-	2027-01-02 Sat	Choose	-	The Hamilton	Washington DC	Lower	-	-	-	TBD	-	Calendar checked 2026-09-21 - Jan 2 2027 clear, no hard conflict or adjacent-night density found.	2026-12-19 Maggie Rose (Bethesda Theater)	2027-02-13 Vanessa Collier (Rams Head On Stage)	New Orleans jazz trumpeter/vocalist, co-founder of Rebirth Brass Band, now leads the Barbecue Swingers - brass/traditional-jazz as primary genre, the taste profile's general lean-against, kept in play after the 2026-09-21 profile softening (Trombone Shorty & Orleans Avenue is an anchor artist in this same lane; Lucky Chops has been attended as support) - brass-band-as-genre is case-by-case rather than an automatic pass. Surfaced via hftb-diff web-src scan 2026-09-13 (untracked, single-source, core venue).	-	-
Bywater Call	-	2027-03-27 Sat	Choose	a closer venue on the same tour leg	Live at Hub City Vinyl	Hagerstown MD	Strong	-	-	https://www.songkick.com/concerts/43448241-bywater-call-at-live-at-hub-city-vinyl	-	-	Surfaced via Bandsintown artist-follow alerts 2026-10-04 (Hub City Vinyl and Hagerstown listings) and a Songkick alert 2026-10-05. Doors, show time and price not published in the alerts.	2027-03-25 Robert Jon & The Wreck (The Birchmere)	2027-04-01 Rabbitology (New Spire Arts)	Strong follow, seen 2x (most recent 2026-07-14, Collective Encore); hat already signed at the first show (Meghan Parnell). Hagerstown is the sticking point - a closer venue on the same tour leg is the better fit. The date also falls inside the Mar 20-27 2027 NO SHOWS block (out of town); calendar checked 2026-10-05.	-	-
Kenny Wayne Shepherd	-	2027-04-07 Wed	Choose	-	Warner Theatre	Washington DC	Strong	-	-	-	TBD	TBD - not yet on sale.	Just announced via Seated + Bandsintown artist-follow alerts 2026-09-14. Calendar checked - Apr 7 2027 clear.	2027-04-01 Rabbitology (New Spire Arts)	-	Anchor blues-rock artist (Experience Hendrix collaborator, already tracked/seen). Not hat-eligible (male artist). Surfaced via Seated + Bandsintown artist-follow alerts 2026-09-14/15.	https://www.bandsintown.com/a/kenny-wayne-shepherd	-
John Hiatt	-	2026-10-06 Tue	Pass	-	The Birchmere	Alexandria VA	Strong	Ticketmaster	https://www.ticketmaster.com/john-hiatt-alexandria-virginia-10-06-2026/event/150064F1A83ECC82	https://www.ticketmaster.com/john-hiatt-alexandria-virginia-10-06-2026/event/150064F1A83ECC82	$89.50	Service fee $23.40/ticket (all-in $112.90). Free parking. Doors 6:00 PM / Show 7:30 PM (standard Birchmere).	Second night also on sale (Oct 7) - not selected; conflicts with the already-Choose Lucero date (The Recher). Surfaced via Ticketmaster newsletter 2026-08-04.	-	-	Blues-rock/roots legend. Second time seeing him - first was 2024-06-10 (Birchmere; Times Seen=1 in artists.tsv, opener Rebecca Porter signed hat that night). His catalog is immense enough that Dan doesn't expect the same set twice. Already in artists.tsv/follows.	-	-
Lucero	-	2026-10-06 Tue	Pass	-	Tally Ho Theater	Leesburg VA	Strong	Ticketmaster	-	-	TBD	-	On sale per Tally Ho Theater newsletter 2026-07-28.	-	-	Alt-country/Americana. Tally Ho Theater (Leesburg VA) is too far. Surfaced via Tally Ho Theater newsletter 2026-07-28. Same artist plays The Recher (Towson MD) the next night, Oct 7 - the closer venue of the pair.	-	-
Lucero	-	2026-10-07 Wed	Pass	-	The Recher	Towson MD	Strong	Etix	https://www.etix.com/ticket/mvc/legacyOnlineSale/performance/sale/switchSelectionMethod?selection_method=bySection&p_id=35791709	https://therechermd.com/event/lucero/the-recher/towson-maryland/	$30.00 GA Standing	Etix fee $7.77/ticket (all-in $37.77). Parking garage directly behind venue under Cinemark - $2/4hrs, bring ticket in.	On sale now.	-	-	Alt-country/Americana. Second date of the pair: the Oct 6 Tally Ho Theater (Leesburg VA) date is too far; The Recher (Towson MD) is meaningfully closer.	-	-
John R. Miller	William Matheny	2026-10-07 Wed	Pass	-	Ottobar	Baltimore MD	-	Etix	https://etix.com/ticket/p/40525627	https://etix.com/ticket/p/40525627	-	-	Surfaced via Ottobar newsletter 2026-10-02.	-	-	New to tracking - not found in follows_master, new_artist_research, artists or history at triage. Same night as the Lucero Recher (Towson MD) date. Calendar checked 2026-10-03 - Oct 7 clear.	-	-
Ivan Neville	Chris Jacobs & Friends	2026-10-08 Thu	Pass	-	The 8x10	Baltimore MD	Lower	-	-	TBD	-	-	Surfaced via Bandsintown artist-follow alert 2026-08-13.	-	-	New Orleans keys/funk (Dumpstaphunk leader). Genre outside the core blues/roots lane per taste profile (funk/keys, not the electric-blues signal). Added to potentials to suppress future reminders.	-	-
Lil' Ed & the Blues Imperials	-	2026-10-08 Thu	Pass	-	Elkton Music Hall	Elkton MD	Strong	-	-	-	TBD	-	Recap listing, Elkton Music Hall newsletter 2026-08-06.	-	-	Chicago electric blues legend (Alligator Records). Genre-strong, but falls the night before North Mississippi Allstars (Oct 9, Hamilton Live); Elkton is the farthest tracked venue (110 min) and back-to-back nights at that distance is real fatigue. Surfaced Elkton Music Hall newsletter 2026-08-06.	-	-
North Mississippi Allstars	-	2026-10-08 Thu	Pass	-	Rams Head On Stage	Annapolis MD	Strong	AXS	-	-	-	$9.45 parking standard.	Surfaced via Bandsintown artist-follow next-week alert 2026-10-02.	-	-	Same band as the Oct 9 Hamilton Live show (Washington DC), one night earlier. Second regional date on the same run - same back-to-back-regional-date pattern as the Eric Johanson Oct 22 and Ruthie Foster Oct 20 rows. Calendar checked 2026-10-03 - Oct 8 clear.	-	-
Lalah Hathaway	-	2026-10-08 Thu & 2026-10-09 Fri	Pass	-	Birchmere	Alexandria VA	Medium	Ticketmaster	-	https://www.birchmere.com	TBD	Free parking. Doors 6:00 PM / Show 7:30 PM (standard Birchmere).	On sale Fri 5/8.	-	-	Grammy-winning R&B/soul vocalist. Pass - too pure jazz for current taste. Birchmere newsletter 2026-05-07.	-	-
Oh He Dead	-	2026-10-10 Sat	Pass	-	The 8x10	Baltimore MD	Strong	-	-	TBD	-	-	Surfaced via Bandsintown artist-follow alert 2026-08-10/13 ("Just Announced" then "On Sale Now").	-	-	DC-area band; hyperlocal, no direct mail list per follows_master. New date/venue - the existing Aug 15 9:30 Club entry above is already Pass for the same reasons. Added to suppress future reminders. Reconfirmed via Seated "just announced" 2026-08-14 (redundant).	-	-
A Musical Celebration of John Prine	-	2026-10-10 Sat	Pass	-	Elkton Music Hall	Elkton MD	Lower	-	-	-	-	-	On sale now.	-	-	John Prine tribute show. Genre-adjacent given Dan's history with the John Prine Celebration (attended Jun 9 2026, Wolf Trap) - but Elkton Music Hall is the farthest tracked venue (110 min); Pass per the standing Elkton distance policy (reserved for acts not also playing closer venues), and a tribute act rather than Prine collaborators specifically. Surfaced via Elkton Music Hall newsletter 2026-09-22.	-	-
Aoife O'Donovan	-	2026-10-12 Mon	Pass	-	The Birchmere	Alexandria VA	Strong	Ticketmaster	https://www.ticketmaster.com/event/150064BCB175B9BE	https://www.ticketmaster.com/event/150064BCB175B9BE	$45.00	Service fee $15.80/ticket (all-in $60.80). Free parking. Doors 6:00 PM / Show 7:30 PM (standard Birchmere).	On sale Fri Jun 12 at 10AM.	-	-	Solo acoustic headline. Seen at John Prine Celebration Jun 9 Wolf Trap (support - did not perform). HAT: Aoife O'Donovan (female, hat eligible - check autograph book). Surfaced BIT via Ticketmaster, Jun 2026. Pick either this show or Shawn James (Oct 11 Union Stage), not both.	https://www.bandsintown.com/a/438856-aoife-o-donovan	-
Daniel Donato's Cosmic Country	-	2026-10-15 Thu	Pass	-	Jefferson Theater	Charlottesville VA	Strong	-	-	TBD	-	-	Surfaced via Songkick artist-follow alert 2026-08-13.	-	-	~2hr drive from DC. A 4th date on the same touring cycle: the Oct 23/24 Lincoln Theatre two-night run is also in this list and the Jul 1 Wolf Trap show was attended; distance plus redundancy. Already seeing them 10/24	-	-
Fred Eaglesmith & The Full Band	-	2026-10-15 Thu	Pass	-	Elkton Music Hall	Elkton MD	Medium	-	-	-	-	-	On sale now.	-	-	Canadian alt-country/Americana singer-songwriter, longtime cult favorite in the genre. Genre-strong fit, but Elkton Music Hall is the farthest tracked venue (110 min) - Pass per the standing Elkton distance policy (reserved for acts not also playing closer venues). Surfaced via Elkton Music Hall newsletter 2026-09-22.	-	-
Eric Lindell	-	2026-10-16 Fri	Pass	revisit if it comes closer	The Recher	Towson MD	Medium	-	-	-	TBD	-	Surfaced via The Recher newsletter (2026-08-03).	-	-	Blues/soul/roots artist, new to tracking. The Recher is the sticking point - "if Lindell comes closer I'd consider." Will resurface in the next research run. Same night as Allison Russell (9:30 Club, Oct 16) in any case.	-	-
Ruthie Foster	-	2026-10-18 Sun	Pass	-	Hylton Performing Arts Center	Manassas VA	Strong	HyltonCenter.org	https://hylton.calendar.gmu.edu/mountain-stage-hosted-by-kathy-mattea-2026	https://hylton.calendar.gmu.edu/mountain-stage-hosted-by-kathy-mattea-2026	$75.00	All-in per Dan. Free Tower Lot parking behind venue (primary).	On sale now via Hylton box office direct link. Show 7:00 PM per Bandsintown listing.	-	-	Grammy Award-winning blues/gospel/Americana vocalist. Mountain Stage (NPR live radio show) taping hosted by Kathy Mattea. New album Just Say Yes (Sun Records) out Aug 28, 2026, produced by Tyler Bryant w/ Rebecca Lovell (Larkin Poe). Previously seen 2025-10-26 (Hamilton Live) - hat and APS p.137 already signed, no remaining show-goals target for this booking. Hylton is just too far.	https://www.bandsintown.com/e/108743311-ruthie-foster-at-hylton-performing-arts-center	-
Gillian Welch & David Rawlings	-	2026-10-18 Sun	Pass	-	Warner Theatre	Washington DC	Strong	Ticketmaster	https://www.ticketmaster.com/gillian-welch-david-rawlings-play-grateful-washington-district-of-columbia-10-18-2026/event/150064E89CDD547C	https://www.livenation.com/event/17A8v0G6CxjM4oH/gillian-welch-david-rawlings-play-grateful-dead-acoustic-reckoning	$108 - $342	TM fees TBD (not yet checked at checkout).	On sale now per IMP Concerts newsletter (2026-07-28); confirmed via Ticketmaster/Live Nation listing.	-	-	Grateful Dead Acoustic tribute show - Gillian Welch & David Rawlings performing "Reckoning," a set of Dead covers. Baltimore date also announced (Oct 19, The Lyric) - DC date selected. Surfaced via IMP Concerts newsletter 2026-07-28.	-	-
Daryl Davis Presents a 100th Birthday Tribute to Chuck Berry	The Nighthawks w/ Daryl Davis; guest guitarists incl. Guy Bouchie	2026-10-18 Sun	Pass	-	The Birchmere	Alexandria VA	-	Ticketmaster	-	-	-	Free parking. Doors 6:00 PM / Show 7:30 PM (standard Birchmere).	Surfaced via The Birchmere newsletter 2026-10-01.	-	-	Chuck Berry centennial tribute featuring The Nighthawks with Daryl Davis; guest guitarists David Chappell, Dan Hovey, Rich Schwarz, Guy Bouchie and Bob Swenson, with Charlie Berry III (Berry grandson) on guitar. The Nighthawks and Daryl Davis were not found in follows_master, new_artist_research, artists or history at triage. Calendar checked 2026-10-03 - Oct 18 clear (Oct 17 is a NO SHOWS day).	-	-
Ruthie Foster	Chris Jacobs & Friends	2026-10-20 Tue	Pass	-	The Tin Pan	Richmond VA	Strong	-	-	TBD	-	-	Surfaced via Songkick + Bandsintown artist-follow alerts 2026-08-13.	-	-	Second regional date, 2 days after the already-Choose Oct 18 Hylton Performing Arts Center show (Manassas VA). Same back-to-back-regional-date pattern as the Robert Cray Sep 15/16 Pass precedent above.	-	-
Eric Johanson	-	2026-10-22 Thu	Pass	-	Live at Hub City Vinyl	Hagerstown MD	Medium	-	-	-	-	-	Tickets selling fast per Bandsintown alert.	-	-	Second regional date, two days after the Oct 20 Music School at Jammin' Java show (Vienna VA). Same back-to-back-regional-date pattern as Ruthie Foster's Oct 20 Tin Pan date. Surfaced via Bandsintown artist-follow alert 2026-09-23.	-	-
Daniel Donato's Cosmic Country	-	2026-10-23 Fri	Pass	-	Lincoln Theatre	Washington DC	Strong	Ticketmaster	https://www.ticketmaster.com/daniel-donatos-cosmic-country-two-night-washington-district-of-columbia-10-23-2026/event/150064BDB878FCAE	https://www.ticketmaster.com/daniel-donatos-cosmic-country-two-night-washington-district-of-columbia-10-23-2026/event/150064BDB878FCAE	$43.15 single / $73.85 two-night pass	TM fees included. Presale code: CARROT.	Two-night pass covers Oct 23 + Oct 24. On sale now (presale).	-	-	Already seeing him Jul 1 Wolf Trap. Lincoln Theatre is ~500-cap DC club. Single night $43.15 all-in; two-night pass $73.85 all-in. Presale code CARROT. Surfaced Seated / Routine 3 inbox 2026-06-03.	https://www.bandsintown.com/a/1395219-daniel-donatos-cosmic-country	-
Beck	-	2026-10-25 Sun	Pass	-	The Anthem	Washington DC	Strong	Live Nation / Ticketmaster	-	-	TBD	TBD - not checked at listing time	Just announced via Live Nation newsletter 2026-08-26. Ride Lonesome Tour.	-	-	Ride Lonesome Tour - new album. Previously seen 2023-09-10 (already in artists.tsv). Genre-adjacent but a long-tracked favorite; no DMV date previously surfaced this cycle.	-	-
Suzanne Vega	-	2026-11-04 Wed	Pass	NO SHOWS calendar conflict	Jefferson Theater	Charlottesville VA	Strong	Ticketmaster	-	-	$58-$76 (est.)	-	Flying With Angels Tour - East Coast extension. On sale now.	-	-	Already tracked/seen (Times Seen 3) - hat and book (RHBS) already signed, no remaining show-goals target. Falls squarely inside the existing NO SHOWS - Possible Business Trip all-day block (Nov 2-6, 2026), the same block Ally Venable's already-purchased Nov 3 ticket conflicts with - Pass per the calendar conflict rule. Surfaced via artist-mail newsletter 2026-09-23.	-	-
Cris Jacobs	Joe Pug	2026-11-05 Thu	Pass	NO SHOWS calendar conflict	The Barns at Wolf Trap	Vienna VA	Medium	Wolf Trap box office	https://www.wolftrap.org/show/2627barns/110526/	https://www.wolftrap.org/show/2627barns/110526/	$78+	-	On sale to public since Fri Aug 21, 10 AM. Doors 6:00 PM / Show 7:30 PM.	-	-	Baltimore-based Americana/roots singer-songwriter, described as "the king of Baltimore rock 'n' roll" (Baltimore Magazine); latest album One of These Days produced by Jerry Douglas, features The Infamous Stringdusters, Billy Strings, Lee Ann Womack. This is the same 'Chris Jacobs' who has repeatedly appeared as support act in this tracker (Ruthie Foster Oct 20 Tin Pan, Ivan Neville Oct 8 - spelled 'Chris' there; 'Cris' is his correct spelling) - his first surfaced headline date. Falls squarely inside the NO SHOWS - Possible Business Trip all-day block (Nov 2-6, 2026), the same block that covers the Ally Venable and Suzanne Vega dates that week; the calendar conflict rule applies. Surfaced via Wolf Trap Barns newsletter 2026-09-22.	-	-
Punch Brothers	-	2026-11-06 Fri	Pass	-	Warner Theatre	Washington DC	Strong	Ticketmaster	-	-	TBD	-	Surfaced via Live Nation/Ticketmaster newsletter 2026-08-04.	-	-	Chris Thile bluegrass/newgrass supergroup - strong genre fit, but falls inside the Nov 2-6 NO SHOWS / Possible Business Trip calendar block.	-	-
BEAT (Belew/Vai/Levin/Bozzio)	-	2026-11-10 Tue	Pass	-	The Theater at MGM National Harbor	Oxon Hill MD	Medium	Ticketmaster	-	-	TBD	-	Surfaced via Live Nation/Ticketmaster newsletter 2026-08-04.	-	-	Adrian Belew / Steve Vai / Tony Levin / Danny Carey (or Bozzio, per lineup billing) performing the music of King Crimson. Guitar-virtuoso pedigree given Dan's Vai/SatchVai Band history (2026-05-30), but not a King Crimson fan.	-	-
The James Hunter Six	-	2026-11-11 Wed	Pass	-	Elkton Music Hall	Elkton MD	Medium	-	-	-	TBD	-	Venue presale Thu 10AM code JH6EMH; public on-sale Fri 10AM.	-	-	British soul/blues singer, GRAMMY-nominated, longtime scene fixture (30+ years); in APS (p.89). Genre-adjacent fit but Elkton Music Hall is the farthest tracked venue - Pass per the standing Elkton distance policy (reserved for acts not also playing closer venues). Surfaced Elkton Music Hall newsletter 2026-09-15. Added to suppress future reminders.	-	-
Marty Stuart and His Fabulous Superlatives	-	2026-11-12 Thu	Pass	-	The Birchmere	Alexandria VA	Medium	Ticketmaster	https://www.ticketmaster.com/event/150064CBA9BEAA80	https://www.birchmere.com	$80.50	TM service fee $21.25. All-in $101.75. Free parking. Doors 6:00 PM / Show 7:30 PM (standard Birchmere).	On sale Fri Jun 19 at 12N.	-	-	Country/roots legend; Grand Ole Opry member. Surfaced Birchmere newsletter Jun 2026.	-	-
The War and Treaty	-	2026-11-13 Fri	Pass	-	The Fillmore Silver Spring	Silver Spring MD	Strong	Ticketmaster	https://www.ticketmaster.com/the-war-and-treaty-silver-spring-maryland-11-13-2026/event/150064C591E97001	https://www.fillmoresilverspring.com	$34.00 GA Standing / $166.40 Seated Balcony	TM fee TBD. Paid parking garage adjacent.	On sale Wed Jun 25 at 10AM. Seated presale password: LITTY.	-	-	Strong follow. Fillmore Silver Spring ~1,900 cap - larger than preferred room tier. The Dec 1 Rams Head On Stage date on the same tour (also in this list) is the preferred one - seated format and better odds of post-show artist access, despite Rams Head being a little farther. Surfaced Seated artist-follow alert Jun 2026.	https://www.bandsintown.com/a/1350-the-war-and-treaty	-
Richard Thompson	Zara Phillips	2026-11-20 Fri	Pass	distance and density	Elkton Music Hall	Elkton MD	Strong	-	-	https://link.dice.fm/v3a51774db90	TBD	-	110 min / 97 mi drive - farthest tracked venue. On sale now.	-	-	Folk-rock legend, Fairport Convention alum. Strong Americana/roots pedigree, but distance (110 min drive) and density (sandwiched between Bill Murray Nov 18 and TMBG Nov 21) drove the pass. Surfaced Elkton Music Hall "New show" email 2026-07-08/09.	-	-
Vienna Teng	-	2026-11-21 Sat	Pass	-	Hamilton Live	Washington DC	Medium	Eventim	https://wl.eventim.us/event/vienna-teng/691921?afflky=TheHamiltonDC	https://wl.eventim.us/event/vienna-teng/691921?afflky=TheHamiltonDC	TBD	$13 parking standard Hamilton Live. On sale Thu May 21.	On sale now. Doors 6:30 PM / Show 8:00 PM (standard Hamilton Live).	-	-	Singer-songwriter; electro-folk-classical hybrid. Warm Strangers, Aims. Outside core blues/roots lane. Hamilton Live newsletter 2026-05-20.	-	-
Marshall Crenshaw	Sarah Borges & Eric Ambel	2026-11-22 Sun	Pass	-	The Birchmere	Alexandria VA	Medium	Ticketmaster	https://www.ticketmaster.com/event/150064CCA3FEC5A2	https://www.birchmere.com	$49.50	TM service fee $13.95. All-in $63.45. Free parking. Doors 6:00 PM / Show 7:30 PM (standard Birchmere).	On sale Fri Jun 19 at 12N.	-	-	Power-pop/new wave singer-songwriter. w/ Sarah Borges & Eric Ambel. Surfaced Birchmere newsletter + TM on-sale alert Jun 2026.	-	-
Cris Jacobs	members of The Bridge, Smooth Kentucky & others	2026-11-25 Wed	Pass	-	The Recher	Towson MD	Medium	Etix	https://www.etix.com/ticket/p/41151278/cris-jacobs-family-reunion-towson-the-recher	https://www.etix.com/ticket/p/41151278/cris-jacobs-family-reunion-towson-the-recher	TBD	-	Pre-Thanksgiving show. On sale now per The Recher newsletter.	-	-	The Cris Jacobs Family Reunion - his annual pre-Thanksgiving Eve show at The Recher, a tradition continuing the vibe of his former band The Bridge's own pre-Thanksgiving show; billed to include members of The Bridge, Smooth Kentucky and others. Second surfaced date for Cris Jacobs this session; unlike the Nov 5 Wolf Trap Barns date (inside the Nov 2-6 NO SHOWS block) this one has no calendar conflict. Surfaced via The Recher newsletter 2026-09-23.	-	-
Nicole Atkins	-	2026-11-28 Sat	Pass	-	Rams Head On Stage	Annapolis MD	Medium	AXS	https://www.ramsheadonstage.com/events/	https://www.ramsheadonstage.com/events/	TBD	AXS fee TBD. $9.45 parking standard. Show 8:00 PM.	On sale Thu Jun 26 at 10AM.	-	-	NJ Americana singer-songwriter. Lone Bellow opener 2025-11-14. Right venue for her tier. Surfaced Rams Head newsletter Jun 2026.	https://www.bandsintown.com/a/1235791-nicole-atkins	-
Venna	-	2026-12-04 Fri	Pass	-	Howard Theatre	Washington DC	Low	TicketWeb (Union Stage Presents)	https://www.ticketweb.com/event/venna-howard-theatre-tickets/15019573?pl=howardtheatre&REFID=BLAST	https://www.ticketweb.com/event/venna-howard-theatre-tickets/15019573?pl=howardtheatre&REFID=BLAST	TBD	TBD - no price/fees or doors-show time listed in the newsletter; confirm at purchase.	Just announced via Union Stage Presents newsletter 2026-08-13.	-	-	UK horn-led soul/jazz artist ("for fans of Kokoroko"). Horns-forward (see taste profile), though leans jazzier than the core blues/roots lane - a lower-confidence curiosity pick. No opener listed.	-	-
Shakey Graves	-	2026-12-07 Mon	Pass	distance	Jefferson Theater	Charlottesville VA	Strong	-	-	TBD	-	-	Surfaced via Live Nation newsletter 2026-09-02. No DMV date this cycle.	-	-	Strong tier, already seen + book signed. Charlottesville-only (~2hr drive); distance not justified by the Strong tier alone. Listed to suppress future reminders.	-	-
Rachael & Vilray	Taylor Ashton	2026-12-10 Thu	Pass	-	Rams Head On Stage	Annapolis MD	Medium	AXS	https://hive.co/l/rachael-vilray26	https://www.ramsheadonstage.com/events/detail/1510047	$83 - $109	AXS fee TBD; all-in pricing per AXS "Important Information" notice. $9.45 parking standard. Show 8:00 PM.	Just announced 2026-07-06. On sale now; table seating available on AXS seat map as of 2026-07-16.	-	-	Vintage jazz/Tin Pan Alley duo. Rachael Price is Lake Street Dive's lead singer (LSD Aug 4 Pier Six attended) - notable connection, though outside core blues/roots lane. w/ Taylor Ashton (Rachael's husband). Same night as The Wood Brothers (The Birchmere, Dec 10), a Strong follow seen 3x. Surfaced BIT artist-follow alert 2026-07-07.	https://www.bandsintown.com/a/rachael-and-vilray	-
Rebirth Brass Band	-	2026-12-11 Fri	Pass	-	The 8x10	Baltimore MD	Lower	-	-	TBD	-	-	Surfaced via Bandsintown artist-follow alert 2026-08-10/13 ("Just Announced" then "On Sale Now").	-	-	New Orleans brass band; per taste profile, brass band as a primary genre is a near-automatic pass (the horns-as-additive signal applies to horns woven into other genres, not brass-band-as-genre). Also lands the same night as the already-purchased Margaret Glaspy show (The Atlantis) - a hard calendar conflict on top of the genre mismatch. Two new Hamilton Live dates this cycle (Dec 30 & 31) fall under the same genre-Pass reasoning - no separate row.	-	-
Last Train Home	-	2027-01-01 Fri	Pass	-	Rams Head On Stage	Annapolis MD	Medium	AXS	-	-	TBD	-	On sale Tue Jul 14 at 12pm (default on-sale window) per Rams Head On Stage newsletter 2026-07-13.	-	-	DC-area Americana/alt-country band, decent regional following. New Year's Day show. Pass. Surfaced Rams Head On Stage newsletter 2026-07-13.	-	-
On A Winter's Night	Cliff Eberhardt, John Gorka, Lucy Kaplansky, Patty Larkin	2027-01-09 Sat	Pass	-	Elkton Music Hall	Elkton MD	Medium	-	-	-	-	-	On sale now. Show 8:00 PM.	-	-	Folk-singer-songwriter reunion tour bringing together four artists originally assembled by Christine Lavin for the 1994 album On A Winter's Night - Patty Larkin, Cliff Eberhardt, John Gorka, Lucy Kaplansky. Genre-adjacent (folk/Americana singer-songwriter), but Elkton Music Hall is the farthest tracked venue (110 min) - Pass per the standing Elkton distance policy (reserved for acts not also playing closer venues). Surfaced via Elkton Music Hall newsletter 2026-09-22.	-	-
Albert Castiglia	-	2027-03-23 Tue	Pass	NO SHOWS calendar conflict	Live at Hub City Vinyl	Hagerstown MD	Strong	-	-	https://www.songkick.com/concerts/43444029-albert-castiglia-at-live-at-hub-city-vinyl	-	-	Surfaced via Songkick artist-follow alert 2026-10-02. Doors, show time and price not published in the alert.	-	-	Strong follow, seen 2x. The date falls inside the Mar 20-27 2027 NO SHOWS block (out of town); calendar checked 2026-10-03.	-	-
