Artist	Reason	Marked Date	Recheck After	Notes
Blood Brothers	name_collision	2026-07-30	2027-01-30	Zito/Castiglia duo — records as "Mike Zito & Albert Castiglia"; bare search hits the unrelated Seattle post-hardcore band instead. Fixable via a recommend_aliases.tsv entry mapping to the correct search name.
Eli Kollman	no_presence	2026-07-30	2027-07-30	Support act seen once; no catalogue found on Spotify.
SatchVai Band	needs_split	2026-07-30		Combined-bill artifact — Spotify catalogs their joint work under Joe Satriani and Steve Vai separately, never under "SatchVai Band." Both members already resolve individually; skipping the bill name suppresses nothing. Needs bill-splitting support to resolve properly, not a recheck.
TJ Turqman	no_presence	2026-07-30	2027-07-30	Local session bassist (seen_with only) — no Spotify catalogue.
The Side Cars Band	no_presence	2026-07-30	2027-07-30	Tribute band — no independent Spotify entity.
Alexia Gabriella	no_presence	2026-10-02	2027-10-02	Local musician from the 2024-10-08 DC9 benefit (Why Don't We Duet?, headliner Talia Segal); parked before resolution to avoid a same-name Spotify match.
Antoñio Villaronga	no_presence	2026-10-02	2027-10-02	Local musician from the 2024-10-08 DC9 benefit (Why Don't We Duet?, headliner Talia Segal); parked before resolution to avoid a same-name Spotify match.
Bev Stanton	no_presence	2026-10-02	2027-10-02	Local musician from the 2024-10-08 DC9 benefit (Why Don't We Duet?, headliner Talia Segal); parked before resolution to avoid a same-name Spotify match.
Christian Crowley	no_presence	2026-10-02	2027-10-02	Local musician from the 2024-10-08 DC9 benefit (Why Don't We Duet?, headliner Talia Segal); parked before resolution to avoid a same-name Spotify match.
Damien Bethel	no_presence	2026-10-02	2027-10-02	Local musician from the 2024-10-08 DC9 benefit (Why Don't We Duet?, headliner Talia Segal); parked before resolution to avoid a same-name Spotify match.
Erin Frisby	no_presence	2026-10-02	2027-10-02	Local musician from the 2024-10-08 DC9 benefit (Why Don't We Duet?, headliner Talia Segal); parked before resolution to avoid a same-name Spotify match.
Jasper Hobbs	no_presence	2026-10-02	2027-10-02	Local musician from the 2024-10-08 DC9 benefit (Why Don't We Duet?, headliner Talia Segal); parked before resolution to avoid a same-name Spotify match.
Juels Bland	no_presence	2026-10-02	2027-10-02	Local musician from the 2024-10-08 DC9 benefit (Why Don't We Duet?, headliner Talia Segal); parked before resolution to avoid a same-name Spotify match.
Lou Black	no_presence	2026-10-02	2027-10-02	Local musician from the 2024-10-08 DC9 benefit (Why Don't We Duet?, headliner Talia Segal); parked before resolution to avoid a same-name Spotify match.
Mx. Mundy	no_presence	2026-10-02	2027-10-02	Local musician from the 2024-10-08 DC9 benefit (Why Don't We Duet?, headliner Talia Segal); parked before resolution to avoid a same-name Spotify match.
Nina Goodman	no_presence	2026-10-02	2027-10-02	Local musician from the 2024-10-08 DC9 benefit (Why Don't We Duet?, headliner Talia Segal); parked before resolution to avoid a same-name Spotify match.
Rebecca Berlin	no_presence	2026-10-02	2027-10-02	Local musician from the 2024-10-08 DC9 benefit (Why Don't We Duet?, headliner Talia Segal); parked before resolution to avoid a same-name Spotify match.
Robzie Trulove	no_presence	2026-10-02	2027-10-02	Local musician from the 2024-10-08 DC9 benefit (Why Don't We Duet?, headliner Talia Segal); parked before resolution to avoid a same-name Spotify match.
Safety Bear	no_presence	2026-10-02	2027-10-02	Local musician from the 2024-10-08 DC9 benefit (Why Don't We Duet?, headliner Talia Segal); parked before resolution to avoid a same-name Spotify match.
Sanjay Arora	no_presence	2026-10-02	2027-10-02	Local musician from the 2024-10-08 DC9 benefit (Why Don't We Duet?, headliner Talia Segal); parked before resolution to avoid a same-name Spotify match.
Sea Griffin	no_presence	2026-10-02	2027-10-02	Local musician from the 2024-10-08 DC9 benefit (Why Don't We Duet?, headliner Talia Segal); parked before resolution to avoid a same-name Spotify match.
Wytold	no_presence	2026-10-02	2027-10-02	Local musician from the 2024-10-08 DC9 benefit (Why Don't We Duet?, headliner Talia Segal); parked before resolution to avoid a same-name Spotify match.
